global_rate_negative_words,title_subjectivity,title_sentiment_polarity,shares,shares_2,shares_4,data_channel_encoded,num_tokens_title,num_tokens_content,links_to_words_ratio,images_to_words_ratio,videos_to_words_ratio,weekday,is_weekend
0.02449,0.25,0.25,1600,1,medium,1,6,171,0.029239766081871343,0.017543859649122806,0.005847953216374269,0,0
0.003745,0.0,0.0,1500,1,medium,5,10,80,0.05,0.0125,0.0,1,0
0.019608,0.0,0.0,1400,0,medium,5,14,388,0.020618556701030927,0.002577319587628866,0.0,1,0
0.011952,0.0,0.0,1300,0,medium,5,6,235,0.01702127659574468,0.00425531914893617,0.0,1,0
0.034946,0.0,0.0,3000,1,medium,0,9,243,0.024691358024691357,0.037037037037037035,0.0,1,0
0.024045,0.666667,-0.33333,1600,1,medium,1,11,225,0.035555555555555556,0.0044444444444444444,0.0,1,0
0.005556,0.0,0.0,1300,0,medium,3,9,229,0.017467248908296942,0.004366812227074236,0.0,1,0
0.026052,0.4,-0.15,2000,1,medium,5,11,113,0.23008849557522124,0.07079646017699115,0.0,1,0
0.021672,0.066667,0.033333,2100,1,medium,3,8,649,0.01386748844375963,0.004622496147919877,0.0015408320493066256,1,0
0.01828,0.357143,0.0,1100,0,medium,1,9,157,0.07006369426751592,0.006369426751592357,0.0,1,0
0.007042,0.0,0.0,10100,1,high,1,6,496,0.018145161290322582,0.008064516129032258,0.0,1,0
0.018832,0.0,0.0,1400,0,medium,1,8,332,0.024096385542168676,0.0030120481927710845,0.0,1,0
0.015707,0.513636,0.221591,1500,1,medium,2,7,917,0.020719738276990186,0.022900763358778626,0.0,1,0
0.023256,0.3,0.2,1900,1,medium,5,9,131,0.061068702290076333,0.007633587786259542,0.0,1,0
0.013158,0.0,0.0,733,0,low,1,9,1048,0.0019083969465648854,0.0009541984732824427,0.0009541984732824427,1,0
0.016866,0.0,0.0,1000,0,medium,0,12,367,0.010899182561307902,0.1362397820163488,0.0027247956403269754,1,0
0.045833,0.0,0.0,2500,1,medium,1,8,283,0.014134275618374558,0.007067137809187279,0.0,1,0
0.014706,0.0,0.0,4300,1,high,4,12,223,0.03139013452914798,0.008968609865470852,0.0,1,0
0.016241,0.441667,0.0,2600,1,medium,5,7,139,0.05755395683453238,0.05755395683453238,0.007194244604316547,1,0
0.026087,0.0,0.0,1400,0,medium,5,10,207,0.014492753623188406,0.004830917874396135,0.0,1,0
0.018771,0.577778,-0.21667,994,0,medium,2,7,289,0.020761245674740483,0.0034602076124567475,0.0,1,0
0.0,0.0,0.0,1000,0,medium,1,9,962,0.0010395010395010396,0.0010395010395010396,0.0,1,0
0.022965,0.0,0.0,914,0,low,0,6,200,0.075,0.01,0.0,1,0
0.018904,1.0,-0.8,1400,0,medium,5,12,568,0.045774647887323945,0.022887323943661973,0.0,1,0
0.01278,0.5,0.5,1600,1,medium,5,8,67,0.07462686567164178,0.05970149253731343,0.1044776119402985,1,0
0.021844,0.0,0.0,3300,1,medium,5,9,908,0.04405286343612335,0.004405286343612335,0.0,1,0
0.024176,0.4,-0.4,1200,0,medium,2,8,101,0.48514851485148514,0.22772277227722773,0.0,1,0
0.018182,0.77,-0.17,1900,1,medium,1,10,593,0.006745362563237774,0.0016863406408094434,0.0,1,0
0.021053,0.2,0.3,1900,1,medium,2,10,3064,0.0016318537859007832,0.00293733681462141,0.0,1,0
0.027314,1.0,0.25,4600,1,high,0,13,211,0.21800947867298578,0.004739336492890996,0.0,1,0
0.016227,0.7,-0.4,24700,1,high,2,10,850,0.07294117647058823,0.0035294117647058825,0.001176470588235294,1,0
0.013804,0.0,0.0,2900,1,medium,4,11,126,0.031746031746031744,0.047619047619047616,0.0,1,0
0.016949,0.0,0.0,1800,1,medium,1,10,140,0.02142857142857143,0.007142857142857143,0.0,1,0
0.013921,0.0,0.0,4100,1,high,5,13,469,0.010660980810234541,0.014925373134328358,0.0021321961620469083,1,0
0.01828,1.0,0.5,671,0,low,3,6,590,0.022033898305084745,0.020338983050847456,0.0,1,0
0.013158,0.0,0.0,4200,1,high,1,10,334,0.011976047904191617,0.0029940119760479044,0.0,1,0
0.014925,0.0,0.0,2200,1,medium,0,5,104,0.16346153846153846,0.14423076923076922,0.009615384615384616,1,0
0.033419,0.433333,-0.16667,1700,1,medium,0,8,84,0.38095238095238093,0.0,0.36904761904761907,1,0
0.013115,0.0,0.0,1700,1,medium,0,7,140,0.22857142857142856,0.007142857142857143,0.014285714285714285,1,0
0.014286,0.238889,0.166667,934,0,low,0,9,96,0.15625,0.020833333333333332,0.010416666666666666,1,0
0.017937,0.0,0.0,7200,1,high,1,11,121,0.01652892561983471,0.008264462809917356,0.0,1,0
0.014706,0.5,0.5,1100,0,medium,5,9,649,0.015408320493066256,0.0015408320493066256,0.0,1,0
0.00738,0.6,0.5,1000,0,medium,2,11,312,0.019230769230769232,0.003205128205128205,0.0,1,0
0.009547,0.727273,0.318182,454,0,very_low,2,9,172,0.01744186046511628,0.005813953488372093,0.0,1,0
0.013323,0.0,0.0,1100,0,medium,5,10,1238,0.0032310177705977385,0.0016155088852988692,0.0,1,0
0.015251,0.0,0.0,1800,1,medium,2,10,217,0.12442396313364056,0.08294930875576037,0.0,1,0
0.008403,0.0,0.0,911,0,low,0,11,393,0.01272264631043257,0.002544529262086514,0.0,1,0
0.010499,0.4,0.4,1400,0,medium,5,7,1272,0.008647798742138365,0.0007861635220125787,0.0,1,0
0.02439,0.375,0.0,2000,1,medium,0,9,246,0.016260162601626018,0.0040650406504065045,0.0,1,0
0.032727,0.4,0.1,803,0,low,0,8,446,0.033632286995515695,0.02466367713004484,0.0,1,0
0.023158,0.288889,-0.15556,1300,0,medium,4,7,338,0.026627218934911243,0.038461538461538464,0.0029585798816568047,1,0
0.020408,0.9,-0.15,860,0,low,2,11,306,0.06862745098039216,0.049019607843137254,0.0032679738562091504,1,0
0.018727,0.1,-0.05,550,0,low,2,8,230,0.008695652173913044,0.0,0.0,1,0
0.025086,0.0,0.0,1200,0,medium,0,10,222,0.02702702702702703,0.0045045045045045045,0.0,1,0
0.019784,0.0,0.0,15700,1,high,0,9,210,0.08095238095238096,0.004761904761904762,0.0,1,0
0.013889,0.0,0.0,2800,1,medium,4,9,241,0.012448132780082987,0.004149377593360996,0.0,1,0
0.01039,0.0,0.0,474,0,very_low,0,8,844,0.023696682464454975,0.018957345971563982,0.0035545023696682463,1,0
0.039735,0.5,0.5,6800,1,high,1,9,1057,0.003784295175023652,0.001892147587511826,0.0,1,0
0.00551,0.0,0.0,973,0,medium,0,9,124,0.10483870967741936,0.0,0.008064516129032258,1,0
0.0,0.4,0.05,4700,1,high,0,7,222,0.06306306306306306,0.05405405405405406,0.0,1,0
0.02957,0.0,0.0,1900,1,medium,4,9,132,0.030303030303030304,0.03787878787878788,0.0,1,0
0.018182,0.15,0.1,876,0,low,5,8,345,0.017391304347826087,0.005797101449275362,0.0,1,0
0.012587,0.0,0.0,929,0,low,2,8,138,0.10869565217391304,0.043478260869565216,0.0,1,0
0.015695,0.0,0.0,748,0,low,2,10,348,0.34195402298850575,0.14080459770114942,0.07758620689655173,1,0
0.005181,0.25,0.25,980,0,medium,2,11,310,0.0032258064516129032,0.0,0.0032258064516129032,1,0
0.041522,0.0,0.0,839,0,low,2,11,301,0.006644518272425249,0.0,0.06976744186046512,1,0
0.015228,0.0,0.0,1100,0,medium,0,7,187,0.06417112299465241,0.016042780748663103,0.0,1,0
0.012945,0.0,0.0,865,0,low,0,11,163,0.07975460122699386,0.006134969325153374,0.0,1,0
0.023256,0.4,0.8,846,0,low,1,7,95,0.08421052631578947,0.010526315789473684,0.0,1,0
0.009153,1.0,0.0,1300,0,medium,0,11,1177,0.009345794392523364,0.0008496176720475786,0.0008496176720475786,1,0
0.014104,0.0,0.0,6000,1,high,0,7,297,0.16161616161616163,0.0,0.003367003367003367,2,0
0.016047,0.5,0.5,4500,1,high,5,10,277,0.05054151624548736,0.04332129963898917,0.010830324909747292,2,0
0.025478,0.0,0.0,6900,1,high,5,9,378,0.010582010582010581,0.026455026455026454,0.0,2,0
0.020258,0.0,0.0,1100,0,medium,2,11,184,0.03260869565217391,0.05434782608695652,0.0,2,0
0.017147,0.0,0.0,2000,1,medium,5,9,851,0.004700352526439483,0.0011750881316098707,0.0023501762632197414,2,0
0.015537,0.5,0.5,1900,1,medium,1,11,498,0.012048192771084338,0.020080321285140562,0.0,2,0
0.018817,0.0,0.0,1300,0,medium,5,12,254,0.027559055118110236,0.003937007874015748,0.0,2,0
0.018212,0.35,0.225,778,0,low,2,6,1209,0.0024813895781637717,0.0008271298593879239,0.0,2,0
0.038062,1.0,0.0,673,0,low,0,7,398,0.02512562814070352,0.002512562814070352,0.002512562814070352,2,0
0.011494,0.0,0.0,1300,0,medium,1,6,339,0.011799410029498525,0.0029498525073746312,0.0,2,0
0.023529,0.566667,-0.01667,946,0,low,0,11,582,0.00859106529209622,0.006872852233676976,0.0,2,0
0.023669,0.0,0.0,932,0,low,0,9,263,0.12547528517110265,0.0038022813688212928,0.0,2,0
0.011057,0.5,0.5,1000,0,medium,3,11,156,0.09615384615384616,0.00641025641025641,0.00641025641025641,2,0
0.016842,0.35,0.35,876,0,low,2,12,824,0.0024271844660194173,0.0012135922330097086,0.0,2,0
0.00813,0.0,0.0,1900,1,medium,1,9,112,0.07142857142857142,0.008928571428571428,0.0,2,0
0.011628,0.516667,0.283333,3000,1,medium,1,7,788,0.005076142131979695,0.0,0.0038071065989847717,2,0
0.007042,0.5,-0.06667,954,0,medium,0,10,428,0.014018691588785047,0.0,0.0,2,0
0.010101,0.0,0.0,5200,1,high,0,8,194,0.04639175257731959,0.005154639175257732,0.0,2,0
0.013333,0.227273,0.068182,1000,0,medium,5,10,251,0.01195219123505976,0.01593625498007968,0.0,2,0
0.004167,0.0,0.0,2800,1,medium,4,7,133,0.06015037593984962,0.007518796992481203,0.0,2,0
0.0128,0.111111,0.083333,937,0,low,1,10,359,0.03064066852367688,0.005571030640668524,0.0,2,0
0.010989,0.416667,0.083333,1900,1,medium,3,9,644,0.023291925465838508,0.020186335403726708,0.0,2,0
0.011667,0.0,0.0,1300,0,medium,0,9,204,0.049019607843137254,0.00980392156862745,0.004901960784313725,2,0
0.015886,0.2,0.1,872,0,low,5,12,625,0.016,0.0016,0.0,2,0
0.032258,0.4,-0.2,5700,1,high,0,7,94,0.18085106382978725,0.0425531914893617,0.02127659574468085,2,0
0.01791,0.333333,0.25,826,0,low,0,12,1125,0.006222222222222222,0.0,0.0,2,0
0.018382,0.666667,-0.125,845,0,low,1,11,1072,0.025186567164179104,0.011194029850746268,0.0009328358208955224,2,0
0.006173,0.9,0.9,1600,1,medium,0,11,1018,0.01669941060903733,0.0137524557956778,0.0,2,0
0.018775,0.0,0.0,1100,0,medium,5,8,317,0.04416403785488959,0.0031545741324921135,0.0,2,0
0.021779,0.8,-0.6,1000,0,medium,0,10,110,0.06363636363636363,0.01818181818181818,0.0,2,0
0.016216,0.2,0.078788,782,0,low,2,10,123,0.024390243902439025,0.008130081300813009,0.0,2,0
0.024504,0.0,0.0,654,0,low,2,11,972,0.021604938271604937,0.015432098765432098,0.00205761316872428,2,0
0.018182,0.0,0.0,709,0,low,2,6,534,0.00749063670411985,0.0018726591760299626,0.0,2,0
0.022801,0.525,0.05,949,0,low,5,12,161,0.043478260869565216,0.012422360248447204,0.0,2,0
0.0,0.0,0.0,2400,1,medium,5,13,144,0.013888888888888888,0.006944444444444444,0.0,2,0
0.028125,0.05,0.0,977,0,medium,1,8,193,0.03626943005181347,0.0051813471502590676,0.0,2,0
0.03,1.0,0.5,1100,0,medium,0,9,284,0.06690140845070422,0.056338028169014086,0.0035211267605633804,2,0
0.0,0.0,0.0,1600,1,medium,4,9,51,0.11764705882352941,0.0196078431372549,0.0196078431372549,2,0
0.021459,0.6,0.7,526,0,low,2,8,299,0.05351170568561873,0.05351170568561873,0.0,2,0
0.00974,0.0,0.0,925,0,low,5,11,126,0.03968253968253968,0.007936507936507936,0.0,2,0
0.009434,0.316667,0.225,812,0,low,5,8,237,0.016877637130801686,0.004219409282700422,0.0,2,0
0.017313,0.5,0.5,600,0,low,3,8,216,0.041666666666666664,0.023148148148148147,0.0,2,0
0.003247,0.0,0.0,1600,1,medium,0,5,271,0.01107011070110701,0.007380073800738007,0.0,2,0
0.012308,0.0,0.0,2400,1,medium,0,8,177,0.0847457627118644,0.01694915254237288,0.0,2,0
0.013953,0.6875,-0.3125,4400,1,high,2,7,1379,0.01305293691080493,0.011602610587382161,0.0,2,0
0.018568,0.0,0.0,1100,0,medium,0,11,261,0.022988505747126436,0.0038314176245210726,0.0038314176245210726,2,0
0.004329,0.454545,0.136364,1000,0,medium,5,12,907,0.004410143329658214,0.0011025358324145535,0.0011025358324145535,2,0
0.01487,0.527273,-0.14848,1200,0,medium,2,8,289,0.01730103806228374,0.0,0.006920415224913495,2,0
0.016529,0.283333,0.166667,611,0,low,1,12,381,0.010498687664041995,0.005249343832020997,0.0,2,0
0.013587,0.5,0.0,2600,1,medium,5,6,203,0.019704433497536946,0.009852216748768473,0.0,2,0
0.010118,0.95,0.4,834,0,low,5,10,249,0.020080321285140562,0.008032128514056224,0.008032128514056224,2,0
0.020192,0.0,0.0,8600,1,high,5,14,1216,0.012335526315789474,0.001644736842105263,0.0,2,0
0.021186,0.65,0.35,846,0,low,0,10,336,0.044642857142857144,0.03571428571428571,0.0,2,0
0.025735,0.317857,0.167857,1200,0,medium,0,9,554,0.009025270758122744,0.0036101083032490976,0.0018050541516245488,2,0
0.026042,0.125,0.0,1900,1,medium,0,11,2914,0.0030885380919698007,0.0024021962937542897,0.00034317089910775565,2,0
0.025956,0.5,0.15,2100,1,medium,2,10,152,0.11842105263157894,0.006578947368421052,0.09868421052631579,2,0
0.048193,0.333333,0.25,12200,1,high,2,14,528,0.007575757575757576,0.0,0.001893939393939394,2,0
0.016097,0.45,0.0625,2900,1,medium,1,10,200,0.05,0.005,0.0,2,0
0.025335,0.0,0.0,875,0,low,2,11,123,0.2032520325203252,0.08130081300813008,0.0,2,0
0.027778,0.0,0.0,1500,1,medium,5,9,140,0.12142857142857143,0.05714285714285714,0.0,2,0
0.019355,0.727273,0.493182,3500,1,medium,5,10,439,0.009111617312072893,0.004555808656036446,0.0,2,0
0.0125,0.0,0.0,7800,1,high,3,13,292,0.03424657534246575,0.010273972602739725,0.0,2,0
0.012136,0.0,0.0,5400,1,high,5,7,637,0.02197802197802198,0.0031397174254317113,0.0,2,0
0.007491,0.0,0.0,2100,1,medium,4,7,297,0.02356902356902357,0.006734006734006734,0.003367003367003367,2,0
0.014545,1.0,0.5,2700,1,medium,4,11,618,0.07119741100323625,0.0016181229773462784,0.0,2,0
0.012308,0.0,0.0,7800,1,high,5,7,788,0.0025380710659898475,0.0012690355329949238,0.0,2,0
0.015718,0.0,0.0,853,0,low,2,8,221,0.09502262443438914,0.04524886877828054,0.004524886877828055,2,0
0.032836,0.454545,0.136364,1200,0,medium,0,7,605,0.019834710743801654,0.0049586776859504135,0.0,2,0
0.013649,0.7,-0.4,2200,1,medium,4,8,292,0.09246575342465753,0.003424657534246575,0.010273972602739725,2,0
0.020548,0.0,0.0,1100,0,medium,0,13,1386,0.006493506493506494,0.0007215007215007215,0.0,2,0
0.019022,0.0,0.0,858,0,low,0,11,997,0.004012036108324975,0.0010030090270812437,0.0010030090270812437,2,0
0.005102,0.0,0.0,3600,1,medium,5,7,1064,0.007518796992481203,0.0,0.0009398496240601503,2,0
0.006211,0.5,0.5,1200,0,medium,5,6,307,0.019543973941368076,0.0,0.003257328990228013,2,0
0.014388,0.454545,0.136364,846,0,low,2,11,341,0.01466275659824047,0.011730205278592375,0.0,2,0
0.022165,0.454545,0.136364,2300,1,medium,5,8,195,0.03076923076923077,0.015384615384615385,0.0,2,0
0.024793,0.0,0.0,1300,0,medium,5,12,162,0.030864197530864196,0.006172839506172839,0.0,2,0
0.013369,0.0,0.0,1300,0,medium,5,12,125,0.016,0.016,0.0,2,0
0.019835,0.5,0.5,1900,1,medium,1,8,1109,0.014427412082957619,0.0009017132551848512,0.009017132551848512,2,0
0.032457,0.0,0.0,6600,1,high,5,10,226,0.03982300884955752,0.017699115044247787,0.004424778761061947,2,0
0.004376,0.5,0.5,1300,0,medium,1,10,341,0.03519061583577713,0.002932551319648094,0.0,2,0
0.016822,0.0,0.0,603,0,low,0,6,99,0.020202020202020204,0.09090909090909091,0.0,2,0
0.012739,0.25,0.25,2700,1,medium,0,7,628,0.02388535031847134,0.01910828025477707,0.0015923566878980893,3,0
0.0,0.0,0.0,1300,0,medium,0,7,407,0.0,0.0343980343980344,0.0,3,0
0.01528,0.0,0.0,1500,1,medium,5,8,273,0.05128205128205128,0.03296703296703297,0.0,3,0
0.023339,0.6875,-0.3125,781,0,low,2,11,96,0.052083333333333336,0.10416666666666667,0.0,3,0
0.01626,0.0,0.0,672,0,low,5,10,312,0.02564102564102564,0.0,0.003205128205128205,3,0
0.022951,0.583333,-0.08333,2900,1,medium,3,6,95,0.042105263157894736,0.010526315789473684,0.0,3,0
0.006803,0.0,0.0,2000,1,medium,0,8,812,0.006157635467980296,0.0,0.0012315270935960591,3,0
0.009877,0.5,0.0,862,0,low,1,6,82,0.036585365853658534,0.012195121951219513,0.0,3,0
0.016199,0.0,0.0,1500,1,medium,1,8,294,0.027210884353741496,0.003401360544217687,0.0,3,0
0.008811,0.0,0.0,912,0,low,5,8,144,0.027777777777777776,0.006944444444444444,0.0,3,0
0.012195,0.0,0.0,1600,1,medium,0,10,310,0.02903225806451613,0.0064516129032258064,0.0,3,0
0.017812,0.0,0.0,3000,1,medium,0,10,874,0.008009153318077803,0.0,0.0,3,0
0.033613,0.7,0.225,31500,1,very_high,0,9,200,0.015,0.06,0.005,3,0
0.0,0.0,0.0,6700,1,high,5,8,310,0.0032258064516129032,0.0,0.0064516129032258064,3,0
0.010526,0.0,0.0,770,0,low,0,9,397,0.005037783375314861,0.0025188916876574307,0.0,3,0
0.023516,0.333333,-0.16667,769,0,low,0,9,162,0.05555555555555555,0.012345679012345678,0.006172839506172839,3,0
0.050455,0.525,-0.33438,1100,0,medium,2,8,89,0.2247191011235955,0.02247191011235955,0.2808988764044944,3,0
0.018711,0.375,-0.125,996,0,medium,2,7,172,0.005813953488372093,0.0,0.01744186046511628,3,0
0.010989,0.0,0.0,959,0,medium,1,10,831,0.010830324909747292,0.0012033694344163659,0.0,3,0
0.017045,0.0,0.0,700,0,low,2,9,358,0.002793296089385475,0.002793296089385475,0.0,3,0
0.017241,0.0,0.0,976,0,medium,0,11,457,0.00437636761487965,0.00437636761487965,0.0,3,0
0.025911,0.6,-0.3,4000,1,high,2,10,308,0.2077922077922078,0.0,0.03896103896103896,3,0
0.041257,1.0,0.0,1600,1,medium,0,11,145,0.296551724137931,0.006896551724137931,0.0,3,0
0.019157,0.55,0.1,1700,1,medium,2,9,318,0.04716981132075472,0.0,0.031446540880503145,3,0
0.04902,0.2,0.3,3400,1,medium,0,9,718,0.004178272980501393,0.0,0.01532033426183844,3,0
0.022222,0.8,0.4,10000,1,high,4,6,136,0.058823529411764705,0.007352941176470588,0.0,3,0
0.024534,1.0,0.0,592,0,low,2,8,144,0.08333333333333333,0.1111111111111111,0.020833333333333332,3,0
0.021144,0.333333,0.25,1200,0,medium,0,9,80,0.125,0.025,0.0,3,0
0.02514,0.0,0.0,865,0,low,0,8,226,0.08849557522123894,0.008849557522123894,0.004424778761061947,3,0
0.01318,0.125,0.0,649,0,low,0,9,1631,0.00797057020232986,0.001226241569589209,0.0,3,0
0.028476,0.0,0.0,869,0,low,0,6,762,0.006561679790026247,0.0026246719160104987,0.0,3,0
0.10303,0.4,-0.4,1400,0,medium,0,13,699,0.00715307582260372,0.01859799713876967,0.001430615164520744,3,0
0.03207,0.0,0.0,3800,1,medium,0,14,530,0.08867924528301886,0.03773584905660377,0.0018867924528301887,3,0
0.010135,1.0,0.0,1900,1,medium,1,11,569,0.0035149384885764497,0.0017574692442882249,0.0,3,0
0.004484,1.0,0.6,2600,1,medium,5,9,111,0.036036036036036036,0.009009009009009009,0.0,3,0
0.011236,1.0,0.5,1100,0,medium,2,9,111,0.16216216216216217,0.17117117117117117,0.04504504504504504,3,0
0.011976,0.5,0.020833,950,0,medium,1,5,268,0.014925373134328358,0.0,0.007462686567164179,3,0
0.007194,0.0,0.0,1800,1,medium,4,7,206,0.009708737864077669,0.038834951456310676,0.0048543689320388345,3,0
0.012422,0.0,0.0,1300,0,medium,1,10,231,0.030303030303030304,0.008658008658008658,0.0,3,0
0.007463,0.3,0.0,918,0,low,5,11,319,0.006269592476489028,0.003134796238244514,0.0,3,0
0.020522,0.0,0.0,1800,1,medium,0,10,807,0.022304832713754646,0.004956629491945477,0.0012391573729863693,3,0
0.004545,0.0,0.0,1900,1,medium,5,10,473,0.021141649048625793,0.0,0.0,3,0
0.018048,0.0,0.0,629,0,low,0,9,229,0.1222707423580786,0.004366812227074236,0.0,3,0
0.036145,0.0,-0.2,1600,1,medium,0,10,1062,0.006591337099811676,0.0009416195856873823,0.0,3,0
0.011086,0.5,0.0,951,0,medium,0,8,420,0.011904761904761904,0.004761904761904762,0.0,3,0
0.010526,0.0,0.0,2000,1,medium,1,7,1164,0.009450171821305841,0.000859106529209622,0.000859106529209622,3,0
0.015748,0.0,0.0,1300,0,medium,2,7,186,0.13978494623655913,0.005376344086021506,0.11290322580645161,3,0
0.025641,0.2,0.2,2200,1,medium,5,10,391,0.010230179028132993,0.0,0.0025575447570332483,3,0
0.027356,0.1,-0.1,524,0,low,0,9,937,0.008537886872998933,0.0021344717182497333,0.0,3,0
0.020091,0.083333,0.1,12500,1,high,0,11,257,0.027237354085603113,0.011673151750972763,0.0,3,0
0.020464,0.436111,0.130556,2200,1,medium,1,7,94,0.05319148936170213,0.010638297872340425,0.0,3,0
0.006024,0.0,0.0,1300,0,medium,5,10,260,0.015384615384615385,0.0038461538461538464,0.0,3,0
0.009091,0.454545,0.136364,4400,1,high,0,13,1067,0.013120899718837863,0.00937207122774133,0.0,3,0
0.022659,0.125,0.0,1300,0,medium,5,8,716,0.0111731843575419,0.012569832402234637,0.0,3,0
0.01341,1.0,0.5,865,0,low,1,8,299,0.023411371237458192,0.010033444816053512,0.0,3,0
0.023288,0.49375,-0.09375,937,0,low,2,9,185,0.04864864864864865,0.06486486486486487,0.005405405405405406,3,0
0.016393,0.0,0.0,1700,1,medium,1,10,472,0.00211864406779661,0.00211864406779661,0.00423728813559322,3,0
0.027322,1.0,0.1,757,0,low,5,8,491,0.016293279022403257,0.002036659877800407,0.0,3,0
0.015504,0.7,0.55,4800,1,high,5,13,410,0.01707317073170732,0.004878048780487805,0.0,3,0
0.018085,0.0,0.0,6500,1,high,5,9,228,0.05263157894736842,0.0043859649122807015,0.0,3,0
0.032685,0.0,0.0,2100,1,medium,3,6,506,0.019762845849802372,0.015810276679841896,0.0,3,0
0.018018,0.4,-0.25,742,0,low,0,9,121,0.024793388429752067,0.0,0.008264462809917356,3,0
0.014599,0.0,0.0,2500,1,medium,0,9,897,0.007803790412486065,0.011148272017837236,0.0011148272017837235,3,0
0.019694,0.0,0.0,743,0,low,0,7,1247,0.0048115477145148355,0.0008019246190858059,0.0,3,0
0.037356,0.5,-0.3,2200,1,medium,3,8,102,0.0784313725490196,0.049019607843137254,0.0196078431372549,3,0
0.013825,1.0,0.333333,7100,1,high,0,7,107,0.1308411214953271,0.09345794392523364,0.018691588785046728,3,0
0.044944,0.4,-0.25,2000,1,medium,4,7,437,0.0,0.004576659038901602,0.0,3,0
0.0,0.283333,0.266667,11600,1,high,4,10,329,0.0243161094224924,0.0060790273556231,0.0,3,0
0.01039,0.0,0.0,835,0,low,1,7,146,0.0273972602739726,0.00684931506849315,0.0,3,0
0.021622,0.0,0.3,1200,0,medium,4,7,169,0.011834319526627219,0.0,0.005917159763313609,3,0
0.006993,0.454545,0.136364,1400,0,medium,2,10,142,0.028169014084507043,0.014084507042253521,0.0,3,0
0.022624,0.0,0.0,1700,1,medium,2,9,363,0.0027548209366391185,0.011019283746556474,0.0,3,0
0.013752,0.8,0.4,2600,1,medium,0,6,166,0.18072289156626506,0.006024096385542169,0.0,3,0
0.016371,0.0,0.0,812,0,low,0,11,259,0.023166023166023165,0.007722007722007722,0.003861003861003861,3,0
0.015009,0.533333,0.316667,1800,1,medium,4,8,820,0.00853658536585366,0.003658536585365854,0.0012195121951219512,3,0
0.01432,0.375,0.0,2400,1,medium,4,6,532,0.015037593984962405,0.0037593984962406013,0.0037593984962406013,3,0
0.022901,0.0,0.0,1000,0,medium,1,9,658,0.001519756838905775,0.0,0.00303951367781155,3,0
0.011416,0.3,-0.5,603,0,low,0,13,511,0.019569471624266144,0.0019569471624266144,0.0,3,0
0.0,0.5,0.5,3400,1,medium,1,5,400,0.0225,0.0025,0.0,3,0
0.01084,0.75,0.25,964,0,medium,2,6,103,0.07766990291262135,0.05825242718446602,0.0,3,0
0.012987,0.4,-0.2,1100,0,medium,0,8,397,0.010075566750629723,0.0,0.0,3,0
0.020833,1.0,-0.6,829,0,low,0,12,209,0.023923444976076555,0.004784688995215311,0.009569377990430622,3,0
0.008772,0.0,0.0,2800,1,medium,5,11,318,0.015723270440251572,0.0031446540880503146,0.0031446540880503146,3,0
0.013624,0.0,-0.2,1300,0,medium,0,8,140,0.02142857142857143,0.16428571428571428,0.0,4,0
0.035433,0.666667,-0.7,2500,1,medium,4,7,119,0.21008403361344538,0.10084033613445378,0.0,4,0
0.008101,0.0,0.0,2300,1,medium,4,6,149,0.2550335570469799,0.006711409395973154,0.0,4,0
0.009412,0.0,0.0,732,0,low,0,10,326,0.1196319018404908,0.08895705521472393,0.0,4,0
0.003401,0.0,0.0,389,0,very_low,4,10,197,0.1116751269035533,0.015228426395939087,0.0,4,0
0.019288,0.2,0.1,20500,1,high,0,6,1172,0.04522184300341297,0.0,0.043515358361774746,4,0
0.014973,0.0,0.0,3200,1,medium,3,8,224,0.10267857142857142,0.004464285714285714,0.008928571428571428,4,0
0.036885,0.466667,0.1,1400,0,medium,0,8,634,0.011041009463722398,0.0031545741324921135,0.0,4,0
0.027972,0.4,0.1,849,0,low,2,8,121,0.008264462809917356,0.0,0.008264462809917356,4,0
0.04918,0.344444,-0.12778,1300,0,medium,0,6,934,0.0032119914346895075,0.0,0.022483940042826552,4,0
0.005464,0.125,0.0,2600,1,medium,3,9,227,0.04405286343612335,0.013215859030837005,0.004405286343612335,4,0
0.009217,0.55,0.2,3100,1,medium,4,11,113,0.07079646017699115,0.02654867256637168,0.0,4,0
0.080645,0.333333,-0.2,9000,1,high,0,8,172,0.011627906976744186,0.03488372093023256,0.005813953488372093,4,0
0.013263,0.0,0.0,1600,1,medium,0,10,709,0.012693935119887164,0.015514809590973202,0.0,4,0
0.018519,0.85,0.25,1700,1,medium,2,10,136,0.04411764705882353,0.014705882352941176,0.0,4,0
0.022346,0.454545,0.136364,5200,1,high,5,10,96,0.03125,0.0,0.010416666666666666,4,0
0.007481,0.4,-0.1,3200,1,medium,5,9,271,0.03690036900369004,0.007380073800738007,0.0,4,0
0.017143,0.95,0.75,998,0,medium,1,12,308,0.05194805194805195,0.006493506493506494,0.0,4,0
0.019737,0.0,0.0,3100,1,medium,0,10,152,0.03289473684210526,0.0,0.013157894736842105,4,0
0.016667,0.458333,0.333333,2300,1,medium,0,5,378,0.007936507936507936,0.005291005291005291,0.0,4,0
0.009231,0.711111,0.444444,2400,1,medium,0,11,338,0.029585798816568046,0.0029585798816568047,0.0,4,0
0.013043,0.0,0.0,5800,1,high,1,7,141,0.02127659574468085,0.0,0.02127659574468085,4,0
0.012613,0.0,0.0,1400,0,medium,5,12,154,0.032467532467532464,0.09090909090909091,0.006493506493506494,4,0
0.012821,0.1,0.0,1100,0,medium,0,11,278,0.046762589928057555,0.0035971223021582736,0.0,4,0
0.013109,0.3,-0.15,1700,1,medium,0,9,202,0.0594059405940594,0.009900990099009901,0.0,4,0
0.011544,1.0,-0.8,1100,0,medium,0,12,212,0.04716981132075472,0.018867924528301886,0.0,4,0
0.033262,0.6,-0.3,1300,0,medium,2,12,791,0.05436156763590392,0.0012642225031605564,0.0,4,0
0.017738,0.0,0.0,4300,1,high,2,10,482,0.008298755186721992,0.006224066390041493,0.006224066390041493,4,0
0.023881,0.2,0.1,6000,1,high,2,9,685,0.0072992700729927005,0.01167883211678832,0.00291970802919708,4,0
0.022222,0.54,0.16,850,0,low,1,13,527,0.013282732447817837,0.0018975332068311196,0.0,4,0
0.032558,0.0,0.0,3500,1,medium,3,9,396,0.012626262626262626,0.005050505050505051,0.0,4,0
0.005882,0.1,0.2,3900,1,medium,0,12,242,0.01652892561983471,0.04132231404958678,0.004132231404958678,4,0
0.01487,0.5,0.5,1900,1,medium,1,6,302,0.03642384105960265,0.0033112582781456954,0.009933774834437087,4,0
0.017544,0.0,0.0,1100,0,medium,0,10,195,0.046153846153846156,0.005128205128205128,0.0,4,0
0.0,0.0,0.0,2800,1,medium,5,8,106,0.07547169811320754,0.009433962264150943,0.0,4,0
0.02029,0.0,0.0,2600,1,medium,5,13,246,0.044715447154471545,0.008130081300813009,0.0040650406504065045,4,0
0.024677,0.0,0.0,1700,1,medium,2,8,436,0.06880733944954129,0.034403669724770644,0.0045871559633027525,4,0
0.012146,0.4,0.8,998,0,medium,1,9,147,0.061224489795918366,0.006802721088435374,0.0,4,0
0.013793,0.391667,0.308333,818,0,low,0,9,976,0.006147540983606557,0.0010245901639344263,0.0,4,0
0.007123,0.0,0.0,1100,0,medium,1,10,428,0.037383177570093455,0.004672897196261682,0.0,4,0
0.018135,0.75,0.5,3500,1,medium,5,7,656,0.04573170731707317,0.021341463414634148,0.0,4,0
0.016265,0.125,0.125,1700,1,medium,2,9,277,0.15162454873646208,0.18411552346570398,0.0,4,0
0.013645,0.5,0.0625,3700,1,medium,5,8,663,0.016591251885369532,0.0015082956259426848,0.0,4,0
0.019084,0.833333,-0.08333,826,0,low,2,8,1932,0.0010351966873706005,0.0005175983436853002,0.0010351966873706005,4,0
0.017544,0.0,0.0,4300,1,high,4,13,594,0.021885521885521887,0.010101010101010102,0.0,4,0
0.037681,0.0,0.0,1200,0,medium,3,5,493,0.04462474645030426,0.02028397565922921,0.0,4,0
0.022814,0.0,0.0,3700,1,medium,1,9,231,0.021645021645021644,0.008658008658008658,0.0,4,0
0.041237,1.0,-0.8,1100,0,medium,0,8,942,0.0031847133757961785,0.0,0.0021231422505307855,4,0
0.026619,0.5,0.5,27100,1,high,2,6,111,0.23423423423423423,0.1891891891891892,0.009009009009009009,4,0
0.014077,0.4,0.8,1300,0,medium,2,9,262,0.03816793893129771,0.011450381679389313,0.04580152671755725,4,0
0.0299,0.0,0.0,944,0,low,1,8,85,0.03529411764705882,0.023529411764705882,0.0,4,0
0.011811,0.0,0.0,1400,0,medium,0,13,989,0.010111223458038422,0.0010111223458038423,0.0,4,0
0.021277,0.454545,0.136364,4000,1,high,4,9,1252,0.00718849840255591,0.0007987220447284345,0.0,4,0
0.013393,0.288889,-0.15556,1200,0,medium,4,9,274,0.014598540145985401,0.0036496350364963502,0.0,4,0
0.027902,0.5,0.5,23100,1,high,0,9,236,0.038135593220338986,0.038135593220338986,0.00423728813559322,4,0
0.028846,0.0,0.0,1200,0,medium,4,11,335,0.020895522388059702,0.005970149253731343,0.0,4,0
0.01217,0.5,0.5,3100,1,medium,5,7,165,0.07878787878787878,0.03636363636363636,0.0,4,0
0.0,0.733333,0.433333,971,0,medium,0,10,809,0.0,0.016069221260815822,0.0,4,0
0.020325,0.75,0.8,2700,1,medium,5,7,190,0.05263157894736842,0.08947368421052632,0.0,4,0
0.016842,0.0,0.3,9400,1,high,5,7,106,0.10377358490566038,0.009433962264150943,0.009433962264150943,5,1
0.001876,0.8,0.4,2300,1,medium,5,10,312,0.057692307692307696,0.028846153846153848,0.0,5,1
0.056604,0.6,-0.4,1400,0,medium,0,8,2595,0.0011560693641618498,0.0,0.0007707129094412332,5,1
0.021962,0.477778,-0.05556,3500,1,medium,0,11,449,0.013363028953229399,0.0022271714922048997,0.004454342984409799,5,1
0.024096,1.0,0.5,3700,1,medium,0,11,92,0.21739130434782608,0.10869565217391304,0.010869565217391304,5,1
0.013359,0.0,0.0,2600,1,medium,2,9,98,0.030612244897959183,0.01020408163265306,0.0,5,1
0.028302,0.05,-0.05,1500,1,medium,0,13,679,0.005891016200294551,0.0014727540500736377,0.0,5,1
0.035928,0.9,-0.8,12700,1,high,1,6,237,0.0379746835443038,0.004219409282700422,0.0,5,1
0.016529,1.0,0.5,1900,1,medium,4,9,496,0.034274193548387094,0.024193548387096774,0.0,5,1
0.023516,0.0,0.0,4700,1,high,1,10,406,0.05665024630541872,0.0024630541871921183,0.0,5,1
0.033708,0.7,0.333333,3300,1,medium,0,8,736,0.004076086956521739,0.014945652173913044,0.001358695652173913,5,1
0.026222,0.0,0.0,2900,1,medium,3,5,151,0.08609271523178808,0.026490066225165563,0.0,5,1
0.015049,0.0,0.0,12600,1,high,5,7,865,0.016184971098265895,0.0023121387283236996,0.0,5,1
0.01669,0.0,0.0,1100,0,medium,3,10,94,0.09574468085106383,0.0425531914893617,0.010638297872340425,5,1
0.018282,0.0,0.0,2500,1,medium,0,8,830,0.027710843373493974,0.012048192771084338,0.0,5,1
0.012739,0.0,0.0,3500,1,medium,0,10,1272,0.0015723270440251573,0.00550314465408805,0.0,5,1
0.012853,0.0,0.0,2300,1,medium,5,9,718,0.016713091922005572,0.001392757660167131,0.001392757660167131,5,1
0.024155,0.5,0.375,2700,1,medium,5,9,103,0.02912621359223301,0.009708737864077669,0.009708737864077669,5,1
0.015873,0.0,0.0,3900,1,medium,5,7,103,0.05825242718446602,0.0970873786407767,0.0,5,1
0.027719,0.5,-0.1875,3300,1,medium,2,6,319,0.025078369905956112,0.04075235109717868,0.009404388714733543,5,1
0.010239,0.2,0.1,16700,1,high,2,8,585,0.008547008547008548,0.0017094017094017094,0.0,5,1
0.036145,0.7,-0.2,4300,1,high,0,7,349,0.025787965616045846,0.0028653295128939827,0.0028653295128939827,6,1
0.019048,0.0,0.0,1100,0,medium,0,8,241,0.06224066390041494,0.004149377593360996,0.004149377593360996,6,1
0.029158,0.4,-0.4,7200,1,high,2,8,270,0.1111111111111111,0.044444444444444446,0.0,6,1
0.030303,0.233333,-0.18333,12300,1,high,2,8,327,0.024464831804281346,0.03363914373088685,0.0061162079510703364,6,1
0.057292,0.5,-0.23333,3000,1,medium,0,7,512,0.00390625,0.015625,0.001953125,6,1
0.02443,0.233333,-0.18333,14100,1,high,2,7,268,0.018656716417910446,0.04477611940298507,0.0037313432835820895,6,1
0.016049,1.0,-1.0,21700,1,high,2,9,134,0.11940298507462686,0.09701492537313433,0.007462686567164179,6,1
0.012638,0.95,0.6,2600,1,medium,5,10,121,0.09090909090909091,0.008264462809917356,0.008264462809917356,6,1
0.009836,0.0,0.0,25000,1,high,2,8,127,0.031496062992125984,0.06299212598425197,0.007874015748031496,6,1
0.0,0.4,-0.4,9600,1,high,0,6,732,0.0,0.012295081967213115,0.0,6,1
0.027723,0.0,0.0,3900,1,medium,2,9,581,0.01549053356282272,0.0034423407917383822,0.0034423407917383822,6,1
0.012658,0.0,0.0,1200,0,medium,0,8,266,0.08646616541353383,0.045112781954887216,0.0,6,1
0.003125,0.5,0.5,1700,1,medium,1,8,109,0.1559633027522936,0.009174311926605505,0.0,6,1
0.010381,0.0,0.0,3000,1,medium,5,10,461,0.052060737527114966,0.019522776572668113,0.0,6,1
0.012594,0.125,0.0,1900,1,medium,5,7,105,0.0380952380952381,0.009523809523809525,0.0,6,1
0.011465,0.166667,0.0,4100,1,high,3,10,620,0.03387096774193549,0.00967741935483871,0.0,6,1
0.012433,0.0,0.0,1100,0,medium,2,9,139,0.10071942446043165,0.007194244604316547,0.06474820143884892,6,1
0.009917,0.4,-0.2,1600,1,medium,2,9,386,0.015544041450777202,0.0051813471502590676,0.0,6,1
0.004587,1.0,0.5,4300,1,high,0,8,462,0.006493506493506494,0.0,0.0021645021645021645,6,1
0.0,0.0,0.0,3500,1,medium,0,11,316,0.0,0.03164556962025317,0.0,6,1
0.052846,0.555556,-0.43333,2900,1,medium,0,14,543,0.0055248618784530384,0.022099447513812154,0.001841620626151013,6,1
0.039801,0.4,-0.4,998,0,medium,2,7,191,0.010471204188481676,0.041884816753926704,0.005235602094240838,6,1
0.013605,0.0,0.0,3700,1,medium,2,9,191,0.02617801047120419,0.0,0.010471204188481676,6,1
0.015504,0.227273,0.068182,1300,0,medium,0,14,168,0.05357142857142857,0.005952380952380952,0.0,6,1
0.010204,0.25,-0.125,2000,1,medium,4,11,207,0.01932367149758454,0.00966183574879227,0.04830917874396135,6,1
0.01791,0.0,0.0,7500,1,high,3,10,114,0.09649122807017543,0.02631578947368421,0.0,6,1
0.02684,0.366667,-0.225,1700,1,medium,2,9,839,0.009535160905840286,0.0023837902264600714,0.0,6,1
0.007813,0.3,1.0,1900,1,medium,3,8,183,0.01639344262295082,0.00546448087431694,0.0,6,1
0.007519,0.0,0.0,1100,0,medium,5,10,258,0.027131782945736434,0.0,0.007751937984496124,6,1
0.012346,0.666667,-0.7,3300,1,medium,3,13,1107,0.02981029810298103,0.008130081300813009,0.0,6,1
0.015177,0.0,0.0,2800,1,medium,0,12,229,0.048034934497816595,0.008733624454148471,0.0,0,0
0.014679,0.85,-0.3,1700,1,medium,5,7,134,0.1417910447761194,0.014925373134328358,0.0,0,0
0.0,1.0,0.5,1100,0,medium,4,8,1123,0.0026714158504007124,0.0008904719501335708,0.0,0,0
0.003413,0.1,0.0,3100,1,medium,2,10,576,0.010416666666666666,0.001736111111111111,0.0,0,0
0.0271,0.0,0.0,731,0,low,0,7,533,0.06191369606003752,0.0,0.058161350844277676,0,0
0.018456,1.0,0.0,4100,1,high,2,10,121,0.06611570247933884,0.0743801652892562,0.008264462809917356,0,0
0.024242,0.0,0.0,1700,1,medium,4,9,291,0.010309278350515464,0.003436426116838488,0.003436426116838488,0,0
0.01791,1.0,0.5,925,0,low,2,10,108,0.2222222222222222,0.0,0.19444444444444445,0,0
0.026846,0.540909,0.197273,20600,1,high,0,12,1141,0.006134969325153374,0.0008764241893076249,0.0,0,0
0.008696,0.0,0.0,1100,0,medium,4,11,137,0.014598540145985401,0.0,0.014598540145985401,0,0
0.016854,0.0,0.0,1300,0,medium,3,11,98,0.09183673469387756,0.01020408163265306,0.0,0,0
0.015278,0.227273,0.218182,3600,1,medium,1,10,139,0.14388489208633093,0.007194244604316547,0.0,0,0
0.01634,0.3,1.0,1400,0,medium,3,5,114,0.17543859649122806,0.09649122807017543,0.0,0,0
0.009437,0.0,0.0,2900,1,medium,1,8,344,0.1308139534883721,0.029069767441860465,0.0029069767441860465,0,0
0.01791,0.4,-0.4,1600,1,medium,1,10,731,0.046511627906976744,0.0,0.0,0,0
0.050279,0.4,-0.4,4200,1,high,0,7,124,0.016129032258064516,0.1532258064516129,0.008064516129032258,0,0
0.024772,0.4,-0.4,827,0,low,2,11,3661,0.013930620049166894,0.0068287353182190655,0.0013657470636438131,0,0
0.014577,0.0,0.0,1000,0,medium,2,11,100,0.01,0.01,0.0,0,0
0.017812,1.0,0.1,1500,1,medium,5,10,119,0.17647058823529413,0.008403361344537815,0.008403361344537815,0,0
0.014035,0.0,0.0,4200,1,high,5,9,150,0.03333333333333333,0.006666666666666667,0.0,0,0
0.021488,1.0,0.0,1100,0,medium,2,10,306,0.049019607843137254,0.006535947712418301,0.0,0,0
0.026936,0.8,0.4,1700,1,medium,2,8,767,0.00651890482398957,0.0,0.003911342894393742,0,0
0.021898,0.0,0.0,900,0,low,0,10,263,0.049429657794676805,0.03802281368821293,0.0,0,0
0.026829,0.5,0.0625,798,0,low,4,9,584,0.018835616438356163,0.0017123287671232876,0.0,0,0
0.015137,0.0,0.0,35200,1,very_high,2,9,261,0.23754789272030652,0.0038314176245210726,0.0,0,0
0.021277,0.25,0.25,991,0,medium,1,11,98,0.10204081632653061,0.01020408163265306,0.0,0,0
0.011788,0.2,0.1,969,0,medium,0,11,780,0.038461538461538464,0.001282051282051282,0.0,0,0
0.027898,1.0,0.0,1000,0,medium,2,12,253,0.06719367588932806,0.05533596837944664,0.003952569169960474,0,0
0.019512,0.0,0.0,1800,1,medium,2,7,325,0.018461538461538463,0.09230769230769231,0.0,0,0
0.012931,0.5,0.5,913,0,low,2,8,531,0.009416195856873822,0.003766478342749529,0.0018832391713747645,0,0
0.004444,0.75,0.568182,2300,1,medium,5,11,1242,0.004830917874396135,0.001610305958132045,0.0,0,0
0.027409,0.466667,-0.33333,1300,0,medium,0,9,526,0.0076045627376425855,0.005703422053231939,0.0,0,0
0.026786,0.416667,-0.03333,5400,1,high,0,9,202,0.04455445544554455,0.01485148514851485,0.0,0,0
0.019048,0.3,1.0,5800,1,high,2,10,210,0.07142857142857142,0.0,0.06190476190476191,0,0
0.021459,0.066667,0.0,1300,0,medium,2,12,1064,0.004699248120300752,0.0,0.0018796992481203006,0,0
0.013393,0.0,0.0,905,0,low,2,12,537,0.0074487895716946,0.00186219739292365,0.00186219739292365,0,0
0.0,0.5,0.5,1700,1,medium,2,9,123,0.0,0.04065040650406504,0.0,0,0
0.01129,0.454545,0.136364,923,0,low,0,9,201,0.05472636815920398,0.04477611940298507,0.004975124378109453,0,0
0.02,0.0,0.0,5300,1,high,5,9,206,0.02912621359223301,0.0,0.0,0,0
0.031674,0.666667,-0.29167,57200,1,very_high,1,9,233,0.017167381974248927,0.0,0.008583690987124463,0,0
0.040609,0.4,-0.4,1300,0,medium,0,11,342,0.005847953216374269,0.0,0.0029239766081871343,0,0
0.015773,1.0,0.0,923,0,low,3,9,332,0.06325301204819277,0.02108433734939759,0.0,0,0
0.020548,0.266667,0.075,1600,1,medium,5,12,211,0.018957345971563982,0.0,0.0,0,0
0.019048,0.4,-0.2,1100,0,medium,2,9,169,0.01775147928994083,0.005917159763313609,0.005917159763313609,0,0
0.0,0.0,0.0,1200,0,medium,0,10,626,0.0,0.012779552715654952,0.0,0,0
0.022801,1.0,1.0,3000,1,medium,0,12,240,0.1,0.041666666666666664,0.0,0,0
0.024096,0.2,0.2,2000,1,medium,2,5,350,0.014285714285714285,0.0,0.005714285714285714,0,0
0.0,0.642857,0.214286,2400,1,medium,0,9,180,0.07222222222222222,0.005555555555555556,0.005555555555555556,0,0
0.008696,0.283333,0.266667,7100,1,high,0,6,103,0.05825242718446602,0.019417475728155338,0.0,0,0
0.004367,0.5,0.2,2300,1,medium,5,8,181,0.0055248618784530384,0.0055248618784530384,0.0,0,0
0.015464,1.0,-0.5,17600,1,high,0,13,336,0.050595238095238096,0.044642857142857144,0.002976190476190476,0,0
0.015873,0.5,0.5,11300,1,high,2,9,223,0.053811659192825115,0.004484304932735426,0.004484304932735426,0,0
0.009091,0.0,0.0,2100,1,medium,1,10,198,0.03535353535353535,0.005050505050505051,0.0,0,0
0.033962,0.6,-0.13333,3400,1,medium,4,10,222,0.018018018018018018,0.0045045045045045045,0.0,0,0
0.01108,0.454545,0.136364,1500,1,medium,1,5,297,0.03367003367003367,0.006734006734006734,0.0,0,0
0.02069,0.0,0.0,703,0,low,0,8,278,0.017985611510791366,0.0035971223021582736,0.0,0,0
0.026316,0.3,-0.5,1300,0,medium,0,11,251,0.01195219123505976,0.0,0.0,0,0
0.004914,0.0,0.0,1700,1,medium,1,9,327,0.027522935779816515,0.0030581039755351682,0.0,0,0
0.005698,0.0,0.0,3000,1,medium,5,9,545,0.02018348623853211,0.003669724770642202,0.001834862385321101,0,0
0.04065,0.7,0.418182,798,0,low,2,12,197,0.01015228426395939,0.01015228426395939,0.0,0,0
0.018433,0.425,0.2875,1500,1,medium,1,8,373,0.01876675603217158,0.005361930294906166,0.0,0,0
0.017794,0.2,-0.3,1200,0,medium,0,9,313,0.025559105431309903,0.003194888178913738,0.0,0,0
0.001541,0.5,0.5,4300,1,high,0,12,215,0.13488372093023257,0.12093023255813953,0.0,0,0
0.02,0.0,0.0,16900,1,high,5,12,594,0.010101010101010102,0.0016835016835016834,0.0016835016835016834,0,0
0.006689,0.0,0.0,6800,1,high,0,9,257,0.06614785992217899,0.0622568093385214,0.007782101167315175,0,0
0.010256,0.125,0.0,13100,1,high,5,11,116,0.04310344827586207,0.0,0.017241379310344827,1,0
0.01049,0.0,0.0,718,0,low,1,7,243,0.0205761316872428,0.00411522633744856,0.0,1,0
0.005587,0.65,-0.15,4000,1,high,0,8,127,0.09448818897637795,0.09448818897637795,0.0,1,0
0.003731,0.5,0.3,2300,1,medium,5,9,180,0.09444444444444444,0.044444444444444446,0.0,1,0
0.033236,0.0,0.0,156,0,very_low,1,9,265,0.07169811320754717,0.011320754716981131,0.0,1,0
0.003831,0.0,0.0,1100,0,medium,0,7,132,0.022727272727272728,0.09848484848484848,0.007575757575757576,1,0
0.013652,0.125,0.0,1500,1,medium,5,7,66,0.10606060606060606,0.030303030303030304,0.015151515151515152,1,0
0.040201,0.2,0.2,5100,1,high,2,8,1042,0.0047984644913627635,0.0019193857965451055,0.0,1,0
0.017921,0.0,0.0,2000,1,medium,0,8,132,0.1893939393939394,0.15151515151515152,0.022727272727272728,1,0
0.020531,0.0,0.0,9500,1,high,0,8,270,0.03333333333333333,0.007407407407407408,0.0,1,0
0.024017,0.0,0.0,13000,1,high,0,8,170,0.029411764705882353,0.052941176470588235,0.0,1,0
0.003205,0.0,0.0,973,0,medium,1,12,36,0.3055555555555556,0.05555555555555555,0.0,1,0
0.020873,0.0,0.0,1400,0,medium,5,6,165,0.09090909090909091,0.04242424242424243,0.0,1,0
0.017812,0.0,0.0,2500,1,medium,1,9,817,0.01591187270501836,0.0012239902080783353,0.0,1,0
0.015707,1.0,-1.0,17800,1,high,0,6,83,0.21686746987951808,0.18072289156626506,0.012048192771084338,1,0
0.020161,0.1125,0.0,705,0,low,0,5,307,0.04234527687296417,0.009771986970684038,0.006514657980456026,1,0
0.016743,0.5,0.5,1100,0,medium,0,9,160,0.05625,0.00625,0.0,1,0
0.021656,0.4,-0.3,1100,0,medium,0,9,321,0.021806853582554516,0.006230529595015576,0.0,1,0
0.011342,0.375,0.0,3400,1,medium,4,9,117,0.03418803418803419,0.017094017094017096,0.0,1,0
0.012774,0.366667,0.0,1700,1,medium,0,12,743,0.047106325706594884,0.040376850605652756,0.0013458950201884253,1,0
0.027119,0.0,0.0,1100,0,medium,0,10,662,0.012084592145015106,0.0015105740181268882,0.0,1,0
0.018767,0.45,0.05,30000,1,very_high,2,12,758,0.009234828496042216,0.017150395778364115,0.0,1,0
0.044025,0.0,0.0,800,0,low,2,11,489,0.012269938650306749,0.0408997955010225,0.0,1,0
0.032967,0.4,-0.4,1000,0,medium,0,10,111,0.11711711711711711,0.0,0.0990990990990991,1,0
0.017778,0.5,0.5,5500,1,high,1,10,194,0.010309278350515464,0.0,0.010309278350515464,1,0
0.016014,0.75,0.8,1500,1,medium,5,9,289,0.03806228373702422,0.0034602076124567475,0.0034602076124567475,1,0
0.016461,0.857143,-0.71429,5600,1,high,5,9,112,0.03571428571428571,0.0,0.008928571428571428,1,0
0.014019,0.0,0.0,2100,1,medium,0,11,115,0.1391304347826087,0.09565217391304348,0.008695652173913044,1,0
0.013333,0.125,0.0,2300,1,medium,0,9,204,0.12254901960784313,0.029411764705882353,0.0,1,0
0.019672,0.0,0.0,5400,1,high,0,10,536,0.014925373134328358,0.0018656716417910447,0.0,1,0
0.005401,0.0,0.0,1200,0,medium,0,10,224,0.0625,0.07589285714285714,0.0,1,0
0.014218,0.527273,0.068182,1400,0,medium,1,8,85,0.08235294117647059,0.03529411764705882,0.0,1,0
0.012771,0.4,-0.4,1600,1,medium,3,9,2383,0.002517834662190516,0.000419639110365086,0.000419639110365086,1,0
0.014451,0.0,0.0,1500,1,medium,5,9,246,0.028455284552845527,0.008130081300813009,0.0,1,0
0.00831,0.0,0.0,2100,1,medium,5,10,730,0.00821917808219178,0.0027397260273972603,0.0,1,0
0.012882,0.25,0.03125,1900,1,medium,4,9,367,0.010899182561307902,0.008174386920980926,0.0,1,0
0.018613,0.0,0.0,12500,1,high,5,8,59,0.2711864406779661,0.01694915254237288,0.01694915254237288,1,0
0.022817,0.5,0.5,1100,0,medium,0,12,758,0.0158311345646438,0.005277044854881266,0.005277044854881266,1,0
0.0,0.4,0.1,2100,1,medium,0,8,323,0.0,0.0,0.0030959752321981426,1,0
0.016611,0.0,0.0,5400,1,high,5,5,343,0.01749271137026239,0.0029154518950437317,0.0,1,0
0.037288,0.0,0.0,918,0,low,2,9,572,0.005244755244755245,0.0,0.0017482517482517483,1,0
0.011686,0.427273,-0.03182,468,0,very_low,0,8,579,0.015544041450777202,0.0017271157167530224,0.0017271157167530224,1,0
0.019512,0.8,0.6,2100,1,medium,0,8,1013,0.006910167818361303,0.0019743336623889436,0.0,1,0
0.018692,0.0,0.0,1200,0,medium,0,9,74,0.12162162162162163,0.02702702702702703,0.013513513513513514,1,0
0.01626,1.0,0.5,5200,1,high,0,6,275,0.007272727272727273,0.0,0.0036363636363636364,1,0
0.019108,0.0,0.0,2300,1,medium,0,11,281,0.014234875444839857,0.0,0.0,1,0
0.012262,0.75,0.45,1100,0,medium,0,11,591,0.15905245346869712,0.14213197969543148,0.001692047377326565,1,0
0.03653,0.35,0.35,18500,1,high,0,7,182,0.15934065934065933,0.13736263736263737,0.005494505494505495,1,0
0.020548,0.75,0.3,1700,1,medium,0,11,1158,0.010362694300518135,0.006044905008635579,0.0,1,0
0.042763,0.066667,0.0,1400,0,medium,1,10,117,0.03418803418803419,0.017094017094017096,0.0,1,0
0.017013,0.0,0.0,1900,1,medium,5,10,143,0.1048951048951049,0.16783216783216784,0.006993006993006993,1,0
0.018011,0.7,0.625,2100,1,medium,5,10,138,0.07971014492753623,0.12318840579710146,0.014492753623188406,1,0
0.007968,0.0,0.0,938,0,low,0,9,100,0.06,0.01,0.01,1,0
0.011962,0.0,0.0,1100,0,medium,0,8,111,0.08108108108108109,0.009009009009009009,0.009009009009009009,1,0
0.028986,0.333333,0.166667,1200,0,medium,2,10,288,0.013888888888888888,0.003472222222222222,0.0,1,0
0.013158,0.75,0.375,12700,1,high,1,9,2013,0.003477396920019871,0.0004967709885742673,0.0,1,0
0.019727,0.25,0.4,8000,1,high,1,8,2001,0.00849575212393803,0.0,0.005497251374312844,1,0
0.016985,0.0,0.0,1100,0,medium,1,10,237,0.046413502109704644,0.004219409282700422,0.0,1,0
0.006289,0.0,0.0,14100,1,high,4,9,327,0.009174311926605505,0.0061162079510703364,0.0,1,0
0.014184,0.0,0.0,3100,1,medium,4,13,385,0.05714285714285714,0.0025974025974025974,0.0025974025974025974,1,0
0.014184,0.454545,0.136364,8400,1,high,4,13,246,0.02032520325203252,0.044715447154471545,0.0,1,0
0.028037,0.0,0.0,1700,1,medium,2,9,161,0.043478260869565216,0.06832298136645963,0.012422360248447204,1,0
0.031138,0.0,0.0,1000,0,medium,2,8,414,0.014492753623188406,0.028985507246376812,0.004830917874396135,1,0
0.013274,0.427273,0.268182,1900,1,medium,0,7,270,0.02962962962962963,0.003703703703703704,0.003703703703703704,1,0
0.021739,0.0,0.0,664,0,low,0,11,549,0.009107468123861567,0.0018214936247723133,0.0,1,0
0.011331,0.5,0.416667,462,0,very_low,0,8,1219,0.004101722723543888,0.0008203445447087777,0.0008203445447087777,1,0
0.009217,0.4,0.0,1500,1,medium,0,11,310,0.1032258064516129,0.0032258064516129032,0.0,1,0
0.015195,0.0,0.0,940,0,low,1,9,479,0.033402922755741124,0.0020876826722338203,0.0,1,0
0.020057,0.05,0.05,1500,1,medium,1,12,431,0.004640371229698376,0.002320185614849188,0.0,1,0
0.021472,0.0,0.0,758,0,low,1,9,295,0.030508474576271188,0.003389830508474576,0.0,1,0
0.022926,1.0,-1.0,2200,1,medium,5,10,336,0.02976190476190476,0.002976190476190476,0.0,1,0
0.012117,0.25,0.25,3600,1,medium,5,8,475,0.037894736842105266,0.010526315789473684,0.0,1,0
0.0,0.0,0.0,9300,1,high,0,10,1028,0.0,0.009727626459143969,0.0,1,0
0.025316,0.6,-0.13333,2000,1,medium,4,10,319,0.02821316614420063,0.003134796238244514,0.0,1,0
0.010256,0.6,0.05,2400,1,medium,0,7,328,0.012195121951219513,0.003048780487804878,0.0,1,0
0.006224,0.0,0.0,729,0,low,2,6,885,0.01694915254237288,0.013559322033898305,0.0,1,0
0.024839,0.0,0.0,1300,0,medium,0,12,1546,0.0038809831824062097,0.005821474773609315,0.0,1,0
0.020619,0.0,0.0,3800,1,medium,1,10,255,0.01568627450980392,0.00392156862745098,0.0,1,0
0.023184,0.5,0.5,1100,0,medium,1,9,94,0.05319148936170213,0.010638297872340425,0.0,2,0
0.011765,0.0,0.0,974,0,medium,1,10,382,0.007853403141361256,0.002617801047120419,0.0,2,0
0.016129,0.2,0.1,2400,1,medium,0,5,1059,0.0066100094428706326,0.0009442870632672333,0.0,2,0
0.034722,0.0,0.0,2400,1,medium,0,13,316,0.006329113924050633,0.028481012658227847,0.0031645569620253164,2,0
0.024169,0.666667,-0.7,2000,1,medium,1,9,170,0.011764705882352941,0.0,0.0058823529411764705,2,0
0.025027,0.0,0.0,946,0,low,5,9,618,0.021035598705501618,0.009708737864077669,0.0,2,0
0.016775,0.678571,0.25,1700,1,medium,5,6,117,0.10256410256410256,0.03418803418803419,0.0,2,0
0.020964,0.0,0.0,970,0,medium,2,10,364,0.01098901098901099,0.008241758241758242,0.0027472527472527475,2,0
0.009709,0.0,0.0,2800,1,medium,0,8,102,0.0392156862745098,0.0,0.00980392156862745,2,0
0.017241,0.0,0.0,774,0,low,2,12,271,0.007380073800738007,0.007380073800738007,0.0036900369003690036,2,0
0.014799,0.375,-0.125,1700,1,medium,0,7,370,0.016216216216216217,0.002702702702702703,0.002702702702702703,2,0
0.008895,1.0,0.1,1100,0,medium,1,10,1033,0.007744433688286544,0.002904162633107454,0.0,2,0
0.008772,0.454545,0.136364,1900,1,medium,5,9,435,0.009195402298850575,0.006896551724137931,0.0,2,0
0.014706,0.227273,0.068182,1100,0,medium,1,10,79,0.05063291139240506,0.02531645569620253,0.0,2,0
0.034252,0.0,0.0,5700,1,high,1,10,603,0.2023217247097844,0.026533996683250415,0.0,2,0
0.014072,0.4,0.2,969,0,medium,1,9,458,0.039301310043668124,0.017467248908296942,0.0,2,0
0.03268,0.0,0.0,1200,0,medium,1,8,724,0.008287292817679558,0.0013812154696132596,0.0,2,0
0.022409,0.3,0.2,5500,1,high,2,8,547,0.07312614259597806,0.0,0.03290676416819013,2,0
0.006472,0.1,0.2,4800,1,high,1,9,374,0.0106951871657754,0.0,0.00267379679144385,2,0
0.007273,0.0,0.0,1600,1,medium,5,6,1770,0.0022598870056497176,0.0005649717514124294,0.0,2,0
0.006006,1.0,0.0,7500,1,high,4,13,1111,0.004500450045004501,0.0018001800180018,0.0,2,0
0.006369,0.535714,0.285714,4300,1,high,1,7,269,0.01858736059479554,0.011152416356877323,0.0,2,0
0.011765,0.0,0.0,530,0,low,1,10,156,0.05128205128205128,0.00641025641025641,0.0,2,0
0.014625,0.5,0.3,2500,1,medium,3,11,274,0.10948905109489052,0.014598540145985401,0.0036496350364963502,2,0
0.011684,0.3,0.1,2000,1,medium,1,7,259,0.16216216216216217,0.04247104247104247,0.0,2,0
0.015769,0.0,0.0,1700,1,medium,0,14,311,0.12218649517684887,0.09646302250803858,0.003215434083601286,2,0
0.004505,0.0,0.0,3700,1,medium,5,8,294,0.02040816326530612,0.0,0.0,2,0
0.015464,0.5,0.5,1100,0,medium,5,13,258,0.023255813953488372,0.007751937984496124,0.0,2,0
0.015723,1.0,0.0,1000,0,medium,5,6,1155,0.006926406926406926,0.0008658008658008658,0.0,2,0
0.017754,0.535714,0.285714,663600,1,very_high,5,11,2966,0.009103169251517195,0.00033715441672285906,0.00033715441672285906,2,0
0.028519,1.0,0.0,9200,1,high,5,6,322,0.024844720496894408,0.003105590062111801,0.003105590062111801,2,0
0.014354,0.0,0.0,1800,1,medium,5,8,203,0.024630541871921183,0.0049261083743842365,0.0049261083743842365,2,0
0.020173,0.0,0.0,20700,1,high,5,9,175,0.05142857142857143,0.005714285714285714,0.005714285714285714,2,0
0.035889,0.58,-0.11333,1600,1,medium,0,7,307,0.03908794788273615,0.003257328990228013,0.003257328990228013,2,0
0.005698,0.0,0.0,761,0,low,0,12,2631,0.0034207525655644243,0.005701254275940707,0.0,2,0
0.013274,0.0,0.0,2900,1,medium,5,7,1594,0.0075282308657465494,0.014429109159347553,0.0006273525721455458,2,0
0.027638,0.175,-0.1,1000,0,medium,0,5,407,0.009828009828009828,0.007371007371007371,0.002457002457002457,2,0
0.012587,0.0,0.0,3400,1,medium,0,8,681,0.13656387665198239,0.12187958883994127,0.0014684287812041115,2,0
0.030189,0.0,0.0,4100,1,high,5,9,581,0.0068846815834767644,0.0017211703958691911,0.0017211703958691911,2,0
0.004545,0.4375,0.1875,8800,1,high,1,11,344,0.011627906976744186,0.005813953488372093,0.0,2,0
0.019755,0.0,0.0,1700,1,medium,1,10,264,0.08333333333333333,0.0,0.056818181818181816,2,0
0.013619,0.5,0.5,4800,1,high,1,11,382,0.031413612565445025,0.002617801047120419,0.0,2,0
0.004785,0.454545,0.136364,2000,1,medium,0,8,161,0.08074534161490683,0.062111801242236024,0.0,2,0
0.016435,0.0,0.0,1300,0,medium,0,12,254,0.13385826771653545,0.11811023622047244,0.003937007874015748,2,0
0.012384,0.6,0.4,7500,1,high,0,9,209,0.03827751196172249,0.004784688995215311,0.004784688995215311,2,0
0.015552,0.633333,5.55e-17,3800,1,medium,0,11,112,0.03571428571428571,0.05357142857142857,0.008928571428571428,2,0
0.013605,0.0,0.0,1200,0,medium,1,8,446,0.011210762331838564,0.004484304932735426,0.0,2,0
0.019654,0.0,0.0,900,0,low,0,8,125,0.104,0.424,0.0,2,0
0.016038,0.4,0.1,2300,1,medium,3,8,101,0.1782178217821782,0.0297029702970297,0.0,2,0
0.012931,0.0,0.0,2400,1,medium,3,10,271,0.06642066420664207,0.055350553505535055,0.0,2,0
0.022599,0.5,0.5,2700,1,medium,2,10,623,0.019261637239165328,0.0016051364365971107,0.004815409309791332,2,0
0.020961,1.0,-1.0,4500,1,high,4,11,381,0.026246719160104987,0.0026246719160104987,0.0,2,0
0.012371,0.1,-0.1,1900,1,medium,5,8,1659,0.003616636528028933,0.0012055455093429777,0.0,2,0
0.018349,0.375,-0.125,1200,0,medium,0,11,1061,0.03298774740810556,0.0,0.000942507068803016,2,0
0.021413,0.522222,0.288889,2200,1,medium,0,9,131,0.26717557251908397,0.0,0.2366412213740458,2,0
0.029821,0.1,-0.05,948,0,low,0,12,668,0.01347305389221557,0.0014970059880239522,0.0,2,0
0.016598,0.533333,0.2,1100,0,medium,2,12,1078,0.0055658627087198514,0.0027829313543599257,0.0,2,0
0.018104,0.0,0.0,902,0,low,2,9,454,0.019823788546255508,0.03303964757709251,0.0,2,0
0.020668,0.0625,0.0,1900,1,medium,2,7,136,0.10294117647058823,0.014705882352941176,0.007352941176470588,2,0
0.010345,0.0,0.0,886,0,low,2,13,163,0.03067484662576687,0.08588957055214724,0.0,2,0
0.036496,0.0,0.0,1500,1,medium,1,9,394,0.01015228426395939,0.0025380710659898475,0.0,2,0
0.015038,0.125,0.0,2400,1,medium,5,9,215,0.04186046511627907,0.013953488372093023,0.0,2,0
0.024561,0.0,0.0,1400,0,medium,1,10,347,0.040345821325648415,0.008645533141210375,0.0,2,0
0.02843,0.0,0.0,1100,0,medium,4,12,614,0.021172638436482084,0.004885993485342019,0.0016286644951140066,2,0
0.010127,0.1,0.0,1200,0,medium,0,11,183,0.04371584699453552,0.01639344262295082,0.0,2,0
0.010714,0.7,-0.1,2100,1,medium,0,5,251,0.027888446215139442,0.00398406374501992,0.00398406374501992,2,0
0.00365,0.338889,0.222222,1000,0,medium,0,7,509,0.009823182711198428,0.0019646365422396855,0.0019646365422396855,2,0
0.002817,0.0,0.0,13600,1,high,1,11,564,0.031914893617021274,0.0017730496453900709,0.0017730496453900709,2,0
0.010526,0.0,0.0,12600,1,high,2,13,722,0.00554016620498615,0.018005540166204988,0.0,2,0
0.016911,0.4,0.2,1100,0,medium,5,9,729,0.012345679012345678,0.0013717421124828531,0.0,2,0
0.015403,0.3,0.0,3000,1,medium,1,10,255,0.023529411764705882,0.00392156862745098,0.0,2,0
0.002632,0.25,0.25,1000,0,medium,1,11,244,0.04918032786885246,0.004098360655737705,0.0,2,0
0.018152,0.3,0.2,2800,1,medium,2,8,350,0.008571428571428572,0.008571428571428572,0.0,2,0
0.008357,0.0,0.0,753,0,low,5,6,78,0.07692307692307693,0.01282051282051282,0.0,2,0
0.017344,0.0,0.0,1600,1,medium,3,10,863,0.013904982618771726,0.013904982618771726,0.0,2,0
0.015625,0.25,0.125,1900,1,medium,1,8,776,0.003865979381443299,0.002577319587628866,0.0,3,0
0.015817,0.1,0.0,1000,0,medium,5,7,331,0.03625377643504532,0.00906344410876133,0.0,3,0
0.011976,0.875,-0.5,834,0,low,0,11,573,0.019197207678883072,0.013961605584642234,0.0017452006980802793,3,0
0.016667,0.0,0.0,1500,1,medium,3,4,337,0.032640949554896145,0.01483679525222552,0.0,3,0
0.017241,0.5,0.15,1500,1,medium,3,9,1586,0.007566204287515763,0.0006305170239596469,0.0,3,0
0.021818,0.9,-0.6,2300,1,medium,5,8,166,0.10240963855421686,0.012048192771084338,0.030120481927710843,3,0
0.026446,0.616667,0.116667,1500,1,medium,0,9,1646,0.003037667071688943,0.0006075334143377885,0.001215066828675577,3,0
0.027027,0.5,-0.5,885,0,low,0,7,109,0.10091743119266056,0.009174311926605505,0.0,3,0
0.011799,0.0,0.0,847,0,low,0,5,609,0.06732348111658457,0.0,0.031198686371100164,3,0
0.007194,0.0,0.0,2500,1,medium,1,9,449,0.011135857461024499,0.004454342984409799,0.0,3,0
0.02069,0.0,0.0,671,0,low,0,7,107,0.12149532710280374,0.09345794392523364,0.009345794392523364,3,0
0.015468,0.3,0.0,835,0,low,0,8,582,0.022336769759450172,0.003436426116838488,0.0,3,0
0.022613,0.0,0.0,6100,1,high,4,9,448,0.013392857142857142,0.004464285714285714,0.0,3,0
0.003731,0.0,0.0,928,0,low,4,8,140,0.014285714285714285,0.007142857142857143,0.0,3,0
0.017182,0.0,0.0,1600,1,medium,1,8,116,0.06896551724137931,0.008620689655172414,0.0,3,0
0.029136,0.75,0.0,720,0,low,0,7,178,0.07303370786516854,0.0056179775280898875,0.0,3,0
0.005714,0.0,0.0,67700,1,very_high,0,11,1269,0.0015760441292356187,0.0007880220646178094,0.0,3,0
0.021531,0.0,0.0,1300,0,medium,1,9,378,0.005291005291005291,0.0026455026455026454,0.0,3,0
0.047847,0.4,-0.4,931,0,low,0,12,248,0.016129032258064516,0.08064516129032258,0.004032258064516129,3,0
0.021277,0.85,0.45,6400,1,high,3,7,543,0.01841620626151013,0.001841620626151013,0.0,3,0
0.024,0.333333,0.25,1900,1,medium,2,12,846,0.02127659574468085,0.024822695035460994,0.002364066193853428,3,0
0.007407,0.0,0.0,827,0,low,1,10,151,0.033112582781456956,0.006622516556291391,0.0,3,0
0.012658,0.7,0.2,9000,1,high,5,10,390,0.015384615384615385,0.002564102564102564,0.002564102564102564,3,0
0.015385,0.0,0.0,3900,1,medium,5,8,147,0.034013605442176874,0.013605442176870748,0.0,3,0
0.011494,1.0,0.125,6100,1,high,0,9,1180,0.005932203389830509,0.000847457627118644,0.0,3,0
0.020979,0.0,0.0,725,0,low,0,10,163,0.012269938650306749,0.012269938650306749,0.0,3,0
0.024351,0.0,0.0,1400,0,medium,5,12,383,0.031331592689295036,0.0026109660574412533,0.0,3,0
0.012931,0.7,-0.4,7700,1,high,4,13,222,0.036036036036036036,0.0045045045045045045,0.0045045045045045045,3,0
0.025086,0.9,-0.6,1200,0,medium,0,8,245,0.044897959183673466,0.00816326530612245,0.0,3,0
0.023192,0.166667,0.166667,3700,1,medium,2,12,349,0.06017191977077364,0.0,0.045845272206303724,3,0
0.006579,0.0,0.0,938,0,low,0,5,246,0.06097560975609756,0.0,0.0,3,0
0.039906,0.318182,0.045455,612,0,low,0,7,597,0.01340033500837521,0.0016750418760469012,0.0,3,0
0.026194,0.0,0.0,1400,0,medium,2,10,447,0.024608501118568233,0.0044742729306487695,0.0022371364653243847,3,0
0.013423,0.45,0.25,2500,1,medium,1,9,829,0.0048250904704463205,0.0024125452352231603,0.0,3,0
0.025948,0.656875,0.186875,9300,1,high,4,12,128,0.1171875,0.0703125,0.0,3,0
0.029703,0.0,0.0,1100,0,medium,0,10,288,0.020833333333333332,0.010416666666666666,0.003472222222222222,3,0
0.013043,0.2,0.125,6300,1,high,1,7,348,0.011494252873563218,0.008620689655172414,0.0,3,0
0.008929,0.5,0.2,1200,0,medium,0,12,581,0.0017211703958691911,0.0017211703958691911,0.0,3,0
0.012534,1.0,0.0,2300,1,medium,2,10,423,0.026004728132387706,0.014184397163120567,0.004728132387706856,3,0
0.032468,0.0,0.0,5400,1,high,0,11,96,0.07291666666666667,0.010416666666666666,0.0,3,0
0.023569,0.0,0.0,1500,1,medium,0,10,388,0.04381443298969072,0.041237113402061855,0.0,3,0
0.010601,0.0,0.0,2700,1,medium,5,11,203,0.034482758620689655,0.009852216748768473,0.0,3,0
0.017065,0.3,0.2,1200,0,medium,0,5,420,0.04047619047619048,0.0,0.02619047619047619,3,0
0.029851,0.0,0.0,1500,1,medium,2,7,705,0.0070921985815602835,0.0014184397163120568,0.0028368794326241137,3,0
0.006623,0.0,0.0,1200,0,medium,5,11,470,0.00851063829787234,0.0,0.002127659574468085,3,0
0.019694,0.05,-0.05,1600,1,medium,0,6,121,0.14049586776859505,0.049586776859504134,0.0,3,0
0.022321,0.288889,-0.15556,686,0,low,2,8,266,0.011278195488721804,0.03383458646616541,0.0037593984962406013,3,0
0.014035,0.333333,0.25,1600,1,medium,2,8,174,0.13218390804597702,0.06321839080459771,0.0,3,0
0.015957,0.0,0.0,13700,1,high,5,3,616,0.00487012987012987,0.0016233766233766235,0.0016233766233766235,3,0
0.0181,1.0,-0.25,2100,1,medium,0,7,137,0.10218978102189781,0.072992700729927,0.0072992700729927005,3,0
0.017766,0.066667,0.033333,1300,0,medium,1,10,855,0.008187134502923977,0.0035087719298245615,0.0,3,0
0.02103,0.6,-0.3,1500,1,medium,2,9,146,0.0273972602739726,0.00684931506849315,0.00684931506849315,3,0
0.025688,0.0,0.0,6200,1,high,2,7,160,0.13125,0.13125,0.00625,3,0
0.017595,0.6,-0.3,942,0,low,0,10,146,0.3082191780821918,0.14383561643835616,0.00684931506849315,3,0
0.012809,0.513333,0.253333,1100,0,medium,2,7,105,0.09523809523809523,0.0,0.1523809523809524,3,0
0.030651,0.0,0.0,683,0,low,1,7,375,0.010666666666666666,0.005333333333333333,0.0,3,0
0.041935,1.0,-0.625,2600,1,medium,0,15,897,0.022296544035674472,0.016722408026755852,0.0011148272017837235,3,0
0.014764,0.427273,0.118182,5100,1,high,1,10,452,0.01991150442477876,0.00663716814159292,0.0,3,0
0.015487,0.2,-0.2,984,0,medium,2,11,127,0.007874015748031496,0.007874015748031496,0.0,3,0
0.0,0.0,0.0,2800,1,medium,4,11,316,0.012658227848101266,0.006329113924050633,0.0,3,0
0.013158,0.0,0.0,3600,1,medium,1,8,236,0.05508474576271186,0.0635593220338983,0.0,3,0
0.007246,0.0,0.0,1100,0,medium,0,6,131,0.03816793893129771,0.007633587786259542,0.007633587786259542,3,0
0.021978,0.75,2.78e-17,1300,0,medium,1,11,1670,0.0011976047904191617,0.0,0.0005988023952095808,3,0
0.032419,0.75,0.8,3100,1,medium,3,9,419,0.028639618138424822,0.021479713603818614,0.0,3,0
0.018789,1.0,0.0,2000,1,medium,0,6,181,0.049723756906077346,0.011049723756906077,0.0,3,0
0.02,0.0,0.0,50700,1,very_high,5,8,204,0.024509803921568627,0.014705882352941176,0.004901960784313725,3,0
0.029915,0.0,0.0,1100,0,medium,0,7,261,0.04597701149425287,0.0038314176245210726,0.0,3,0
0.008658,0.2,0.2,1400,0,medium,0,13,156,0.09615384615384616,0.057692307692307696,0.0,3,0
0.008493,0.0,0.0,1500,1,medium,5,7,113,0.07079646017699115,0.008849557522123894,0.0,3,0
0.013369,0.333333,0.25,937,0,low,1,9,433,0.006928406466512702,0.0023094688221709007,0.0,3,0
0.006667,0.0,0.0,1200,0,medium,2,8,407,0.002457002457002457,0.002457002457002457,0.0,3,0
0.012097,0.0,0.0,3800,1,medium,5,8,446,0.01569506726457399,0.002242152466367713,0.0,3,0
0.008772,0.0,0.0,3700,1,medium,0,10,156,0.07051282051282051,0.038461538461538464,0.0,4,0
0.031977,0.433333,-0.16667,872,0,low,0,8,388,0.01804123711340206,0.005154639175257732,0.0,4,0
0.017578,0.5,0.5,1100,0,medium,0,8,712,0.011235955056179775,0.0014044943820224719,0.0,4,0
0.010638,0.5,0.5,993,0,medium,2,11,262,0.03816793893129771,0.022900763358778626,0.003816793893129771,4,0
0.012559,0.0,0.0,1400,0,medium,5,10,219,0.091324200913242,0.0410958904109589,0.0045662100456621,4,0
0.013483,0.516667,0.466667,58,0,very_low,2,10,80,0.0875,0.0125,0.0125,4,0
0.012704,0.6,0.0,3400,1,medium,0,10,356,0.042134831460674156,0.011235955056179775,0.0,4,0
0.0199,0.5,-0.5,2900,1,medium,5,10,488,0.014344262295081968,0.0020491803278688526,0.0,4,0
0.013347,1.0,0.0,2200,1,medium,5,11,333,0.07807807807807808,0.003003003003003003,0.0,4,0
0.050725,0.2,0.2,13200,1,high,2,8,99,0.06060606060606061,0.030303030303030304,0.010101010101010102,4,0
0.020101,0.0,0.0,1400,0,medium,1,12,412,0.009708737864077669,0.0048543689320388345,0.0024271844660194173,4,0
0.018519,0.427273,0.118182,1600,1,medium,0,10,518,0.007722007722007722,0.0019305019305019305,0.0,4,0
0.016129,1.0,0.5,2000,1,medium,0,7,369,0.01084010840108401,0.051490514905149054,0.005420054200542005,4,0
0.005175,0.75,0.4,895,0,low,0,9,1775,0.0050704225352112674,0.0005633802816901409,0.0005633802816901409,4,0
0.018051,1.0,-1.0,555,0,low,0,11,104,0.038461538461538464,0.009615384615384616,0.0,4,0
0.014056,0.5,0.136364,656,0,low,0,10,585,0.03418803418803419,0.0017094017094017094,0.0,4,0
0.01699,0.0,0.0,1200,0,medium,0,8,144,0.10416666666666667,0.006944444444444444,0.006944444444444444,4,0
0.030769,0.517857,0.267857,3000,1,medium,5,8,59,0.05084745762711865,0.01694915254237288,0.01694915254237288,4,0
0.029014,0.05,-0.2,1600,1,medium,0,9,58,0.05172413793103448,0.034482758620689655,0.0,4,0
0.008746,0.27,0.08,2200,1,medium,5,12,728,0.009615384615384616,0.0,0.0013736263736263737,4,0
0.016028,0.0,0.0,2200,1,medium,1,8,246,0.036585365853658534,0.0040650406504065045,0.0,4,0
0.017366,0.95,0.75,2000,1,medium,0,8,489,0.02044989775051125,0.002044989775051125,0.0,4,0
0.024242,0.527273,-0.08182,521,0,low,2,6,371,0.029649595687331536,0.0,0.01078167115902965,4,0
0.008785,0.0,0.0,4000,1,high,5,11,53,0.16981132075471697,0.03773584905660377,0.0,4,0
0.028571,0.0,0.0,1000,0,medium,5,9,495,0.00808080808080808,0.0,0.00404040404040404,4,0
0.017018,0.0,0.1,3400,1,medium,2,8,333,0.021021021021021023,0.15015015015015015,0.003003003003003003,4,0
0.020157,0.4,0.0,1400,0,medium,2,7,993,0.011077542799597181,0.013091641490433032,0.0,4,0
0.0,0.0,0.0,1400,0,medium,0,6,603,0.0,0.01658374792703151,0.0,4,0
0.018868,0.1,-0.1,5800,1,high,3,9,304,0.019736842105263157,0.0,0.0,4,0
0.010753,0.65,0.0,15800,1,high,2,7,655,0.012213740458015267,0.012213740458015267,0.0,4,0
0.022544,0.0,0.0,7500,1,high,0,8,116,0.09482758620689655,0.008620689655172414,0.008620689655172414,4,0
0.012048,0.9,0.4,1400,0,medium,0,9,184,0.03804347826086957,0.043478260869565216,0.0,4,0
0.008333,0.916667,-0.25,604,0,low,0,8,65,0.09230769230769231,0.015384615384615385,0.0,4,0
0.033898,0.333333,0.25,860,0,low,5,10,202,0.034653465346534656,0.0049504950495049506,0.0,4,0
0.039526,0.0,0.1,2200,1,medium,0,7,455,0.026373626373626374,0.004395604395604396,0.002197802197802198,4,0
0.0,0.284848,0.178788,2300,1,medium,5,9,123,0.07317073170731707,0.008130081300813009,0.0,4,0
0.013142,0.0,0.0,1800,1,medium,3,12,595,0.05714285714285714,0.03865546218487395,0.0,4,0
0.017901,0.0,0.0,2500,1,medium,0,7,376,0.018617021276595744,0.1356382978723404,0.0,4,0
0.023881,0.0,0.0,1900,1,medium,1,12,355,0.04788732394366197,0.011267605633802818,0.0,4,0
0.02907,0.0,0.0,1400,0,medium,1,11,392,0.007653061224489796,0.0,0.002551020408163265,4,0
0.021523,0.2,0.2,2000,1,medium,5,7,257,0.054474708171206226,0.0038910505836575876,0.0,4,0
0.018817,1.0,-1.0,828,0,low,0,10,205,0.06341463414634146,0.00975609756097561,0.0,4,0
0.020033,0.0,0.0,5600,1,high,1,6,113,0.1504424778761062,0.09734513274336283,0.0,4,0
0.012626,0.0,0.0,4500,1,high,5,8,343,0.023323615160349854,0.0,0.0,4,0
0.009146,0.5,0.318182,2500,1,medium,2,6,208,0.014423076923076924,0.004807692307692308,0.014423076923076924,4,0
0.034934,0.5,0.0,1600,1,medium,2,8,147,0.034013605442176874,0.006802721088435374,0.013605442176870748,4,0
0.006135,0.1875,-0.125,5900,1,high,2,11,469,0.0042643923240938165,0.0,0.0021321961620469083,4,0
0.010791,0.0,0.0,2300,1,medium,5,9,699,0.020028612303290415,0.001430615164520744,0.0,4,0
0.01497,0.0,0.0,3800,1,medium,5,9,263,0.03802281368821293,0.0038022813688212928,0.0,4,0
0.014286,0.5,0.5,4500,1,high,5,10,374,0.045454545454545456,0.016042780748663103,0.0,4,0
0.034749,0.166667,-0.16667,2400,1,medium,0,11,230,0.030434782608695653,0.004347826086956522,0.0,4,0
0.014098,0.833333,0.433333,1400,0,medium,3,9,620,0.025806451612903226,0.0032258064516129032,0.0,4,0
0.022595,0.65,0.35,3300,1,medium,2,10,138,0.06521739130434782,0.057971014492753624,0.028985507246376812,4,0
0.005988,0.3125,0.0,3500,1,medium,0,10,513,0.007797270955165692,0.003898635477582846,0.0,5,1
0.0,0.0,0.0,2000,1,medium,0,10,311,0.00964630225080386,0.003215434083601286,0.0,5,1
0.025237,0.1,0.2,1100,0,medium,0,7,100,0.05,0.01,0.02,5,1
0.012552,0.454545,0.136364,4600,1,high,0,12,246,0.012195121951219513,0.0040650406504065045,0.0,5,1
0.027888,0.7,-0.12955,4600,1,high,0,10,1075,0.0027906976744186047,0.0018604651162790699,0.0,5,1
0.010753,0.0,0.0,1300,0,medium,0,10,952,0.017857142857142856,0.0010504201680672268,0.0021008403361344537,5,1
0.008322,0.454545,0.136364,4100,1,high,1,12,307,0.07166123778501629,0.009771986970684038,0.0,5,1
0.022727,0.454545,0.136364,2400,1,medium,0,9,214,0.06074766355140187,0.06074766355140187,0.0,5,1
0.007168,0.288889,-0.15556,7500,1,high,5,8,310,0.041935483870967745,0.0032258064516129032,0.0,5,1
0.018312,0.5,0.3,4000,1,high,3,11,225,0.14666666666666667,0.09333333333333334,0.0,5,1
0.0,0.783333,0.316667,3000,1,medium,0,10,243,0.0411522633744856,0.02880658436213992,0.0,5,1
0.01418,0.4,0.025,3200,1,medium,1,8,533,0.01125703564727955,0.005628517823639775,0.001876172607879925,5,1
0.007634,0.5,0.5,2500,1,medium,2,6,741,0.016194331983805668,0.010796221322537112,0.001349527665317139,5,1
0.009479,0.0,0.0,1200,0,medium,2,6,109,0.045871559633027525,0.009174311926605505,0.0,5,1
0.024865,0.0,0.0,2700,1,medium,1,9,257,0.038910505836575876,0.0038910505836575876,0.0,5,1
0.014388,0.3,0.2,5300,1,high,4,9,294,0.07482993197278912,0.006802721088435374,0.0,5,1
0.012019,1.0,0.5,2100,1,medium,5,5,128,0.1875,0.09375,0.0,5,1
0.026596,0.0,0.0,1800,1,medium,1,10,1546,0.0038809831824062097,0.000646830530401035,0.0,5,1
0.007299,1.0,0.5,4300,1,high,0,8,271,0.06642066420664207,0.055350553505535055,0.0036900369003690036,5,1
0.003106,0.5,0.318182,2100,1,medium,2,8,202,0.024752475247524754,0.0049504950495049506,0.01485148514851485,5,1
0.012386,0.0,0.0,2000,1,medium,2,10,761,0.03942181340341656,0.006570302233902759,0.013140604467805518,5,1
0.0,0.4,-0.25,2100,1,medium,0,11,931,0.0,0.015037593984962405,0.0021482277121374865,5,1
0.0,0.9,-0.6,1300,0,medium,2,7,73,0.0,0.1780821917808219,0.0,5,1
0.018561,0.0,0.0,3100,1,medium,1,7,527,0.018975332068311195,0.003795066413662239,0.0,5,1
0.036027,0.6,-0.36667,1200,0,medium,2,9,200,0.05,0.045,0.0,5,1
0.036697,0.4,-0.4,1300,0,medium,0,12,234,0.01282051282051282,0.0641025641025641,0.004273504273504274,5,1
0.030059,0.35,0.3,82000,1,very_high,0,7,183,0.8087431693989071,0.07650273224043716,0.0,6,1
0.047619,0.0,0.0,949,0,low,2,11,294,0.003401360544217687,0.003401360544217687,0.030612244897959183,6,1
0.021053,0.875,-0.5,1100,0,medium,1,12,230,0.08260869565217391,0.004347826086956522,0.06956521739130435,6,1
0.026201,0.0,0.0,2100,1,medium,0,7,413,0.01937046004842615,0.007263922518159807,0.0,6,1
0.003781,0.0,0.0,9700,1,high,5,13,963,0.008307372793354102,0.0020768431983385254,0.0,6,1
0.008721,0.25,0.65,8300,1,high,2,8,81,0.2222222222222222,0.012345679012345678,0.024691358024691357,6,1
0.010309,0.338462,0.1,6600,1,high,5,11,183,0.03278688524590164,0.0,0.01092896174863388,6,1
0.029745,0.7,0.05,2900,1,medium,2,12,89,1.7191011235955056,0.06741573033707865,0.0,6,1
0.029979,0.2,-0.1,978,0,medium,0,7,100,0.06,0.01,0.0,6,1
0.033784,0.0,0.0,1000,0,medium,0,11,1329,0.0015048908954100827,0.003762227238525207,0.0,6,1
0.043956,0.6875,-0.375,2000,1,medium,2,8,469,0.0042643923240938165,0.014925373134328358,0.0,6,1
0.036036,0.433333,-0.16667,1500,1,medium,0,10,336,0.011904761904761904,0.005952380952380952,0.0,6,1
0.021546,0.0,0.0,1100,0,medium,2,11,273,0.03663003663003663,0.014652014652014652,0.003663003663003663,6,1
0.005222,0.0,0.0,1700,1,medium,0,11,288,0.034722222222222224,0.003472222222222222,0.0,6,1
0.017422,0.0,0.0,5200,1,high,1,9,407,0.02457002457002457,0.002457002457002457,0.0,6,1
0.025573,0.0,0.0,2200,1,medium,1,8,117,0.11965811965811966,0.008547008547008548,0.0,6,1
0.007233,0.0,0.0,3900,1,medium,5,9,103,0.07766990291262135,0.019417475728155338,0.009708737864077669,6,1
0.017065,0.0,0.0,1300,0,medium,0,8,524,0.03816793893129771,0.0019083969465648854,0.0,6,1
0.0,0.0,0.0,2000,1,medium,0,12,778,0.0,0.0,0.0012853470437017994,6,1
0.031447,0.416667,0.375,876,0,low,0,11,360,0.011111111111111112,0.0,0.0,6,1
0.018062,1.0,0.8,1400,0,medium,3,7,445,0.04943820224719101,0.02247191011235955,0.0,6,1
0.008772,0.5,0.318182,5800,1,high,2,13,1033,0.00484027105517909,0.000968054211035818,0.002904162633107454,6,1
0.006849,0.333333,0.25,13600,1,high,3,10,508,0.001968503937007874,0.0,0.001968503937007874,6,1
0.028721,0.35,0.15,840,0,low,3,9,558,0.007168458781362007,0.0,0.0,6,1
0.038462,0.6,-0.4,399,0,very_low,0,8,238,0.01680672268907563,0.0,0.0,6,1
0.009926,0.0,0.0,9200,1,high,0,13,148,0.08108108108108109,0.013513513513513514,0.006756756756756757,6,1
0.007813,0.0,0.0,1500,1,medium,3,10,110,0.10909090909090909,0.0,0.0,6,1
0.018382,0.0,0.0,2200,1,medium,3,12,228,0.09210526315789473,0.043859649122807015,0.0,6,1
0.022059,1.0,0.0,651,0,low,2,8,119,0.025210084033613446,0.008403361344537815,0.0,6,1
0.01355,0.454545,0.136364,567,0,low,1,10,372,0.016129032258064516,0.002688172043010753,0.0,0,0
0.009036,0.7,0.166667,2000,1,medium,2,11,142,0.2746478873239437,0.0,0.13380281690140844,0,0
0.019589,0.0,0.0,1200,0,medium,0,9,385,0.07532467532467532,0.0025974025974025974,0.0,0,0
0.012821,0.0,0.0,1200,0,medium,1,7,254,0.007874015748031496,0.003937007874015748,0.0,0,0
0.017563,0.5,0.3,1600,1,medium,2,10,123,0.032520325203252036,0.07317073170731707,0.016260162601626018,0,0
0.013838,0.6,0.2,2600,1,medium,1,9,261,0.13026819923371646,0.0421455938697318,0.0,0,0
0.01074,0.27,0.08,705,0,low,0,10,342,0.017543859649122806,0.0029239766081871343,0.0,0,0
0.01476,0.15,-0.15,698,0,low,5,10,120,0.08333333333333333,0.008333333333333333,0.0,0,0
0.022676,0.7,0.35,81700,1,very_high,0,5,1946,0.006166495375128468,0.0046248715313463515,0.0005138746145940391,0,0
0.032329,0.4,-0.4,1300,0,medium,0,7,139,1.1366906474820144,0.07913669064748201,0.0,0,0
0.029526,0.485714,-0.09286,729,0,low,0,11,165,0.9818181818181818,0.08484848484848485,0.0,0,0
0.010135,0.4,-0.2,5000,1,high,1,10,4106,0.001948368241597662,0.00024354603019970775,0.0,0,0
0.055215,0.5,-0.2,262,0,very_low,5,11,716,0.008379888268156424,0.002793296089385475,0.0,0,0
0.018634,0.066667,0.0,935,0,low,1,7,219,0.0502283105022831,0.0045662100456621,0.0,0,0
0.011952,0.45,-0.2,2200,1,medium,5,7,141,0.14893617021276595,0.07092198581560284,0.0,0,0
0.017007,0.875,0.1875,4700,1,high,2,9,171,0.029239766081871343,0.005847953216374269,0.0,0,0
0.015475,0.5,0.0,2100,1,medium,5,11,144,0.09027777777777778,0.006944444444444444,0.0,0,0
0.015979,0.0,0.0,6000,1,high,1,8,275,0.01090909090909091,0.007272727272727273,0.0,0,0
0.021362,0.333333,0.25,1400,0,medium,5,7,149,0.04697986577181208,0.006711409395973154,0.006711409395973154,0,0
0.008322,0.5,0.5,1300,0,medium,1,8,291,0.058419243986254296,0.003436426116838488,0.0,0,0
0.029412,0.0,0.0,2600,1,medium,2,8,59,0.0847457627118644,0.11864406779661017,0.01694915254237288,0,0
0.010283,0.95,-0.6,10100,1,high,1,9,278,0.09712230215827339,0.08273381294964029,0.0035971223021582736,0,0
0.022792,0.0,0.0,4600,1,high,0,13,2297,0.0060949063996517195,0.0060949063996517195,0.00043535045711797995,0,0
0.010811,0.0,0.0,497,0,very_low,2,9,710,0.014084507042253521,0.009859154929577466,0.0028169014084507044,0,0
0.026531,0.75,-0.3125,1000,0,medium,2,8,679,0.007363770250368188,0.0014727540500736377,0.0,0,0
0.016949,0.0,0.0,740,0,low,1,9,685,0.00291970802919708,0.00145985401459854,0.0,0,0
0.005639,0.0,0.0,778,0,low,2,11,97,0.041237113402061855,0.21649484536082475,0.0,0,0
0.012308,0.0,0.0,716,0,low,1,9,131,0.05343511450381679,0.007633587786259542,0.0,0,0
0.0,0.5,0.5,2000,1,medium,2,9,131,0.0,0.03816793893129771,0.0,0,0
0.02459,0.0,0.0,1100,0,medium,2,11,168,0.09523809523809523,0.05952380952380952,0.005952380952380952,0,0
0.013966,0.9,0.5,1200,0,medium,0,12,1859,0.004841312533620226,0.0005379236148466917,0.0,0,0
0.023064,0.0,-0.2,606,0,low,0,7,271,0.055350553505535055,0.007380073800738007,0.007380073800738007,0,0
0.010504,0.0,0.0,8800,1,high,5,11,368,0.021739130434782608,0.005434782608695652,0.0,0,0
0.003788,0.0,0.0,1200,0,medium,5,7,270,0.02962962962962963,0.007407407407407408,0.0,0,0
0.012903,0.0,0.0,17200,1,high,2,8,186,0.043010752688172046,0.005376344086021506,0.005376344086021506,0,0
0.009202,0.0,0.0,2200,1,medium,1,9,245,0.05714285714285714,0.004081632653061225,0.0,0,0
0.010846,0.0,0.0,877,0,low,0,7,349,0.022922636103151862,0.0028653295128939827,0.0,0,0
0.007009,0.1,0.0,6800,1,high,5,11,596,0.013422818791946308,0.0,0.0,0,0
0.016493,0.5,0.0,686,0,low,0,13,475,0.010526315789473684,0.002105263157894737,0.0,0,0
0.010401,0.0,0.0,1800,1,medium,5,6,256,0.01953125,0.0625,0.0,0,0
0.008969,0.9,0.5,925,0,low,1,9,297,0.020202020202020204,0.003367003367003367,0.0,0,0
0.022928,0.65,0.35,599,0,low,2,14,645,0.013953488372093023,0.018604651162790697,0.0015503875968992248,0,0
0.016732,0.0,0.0,438,0,very_low,0,7,472,0.03177966101694915,0.00211864406779661,0.0,0,0
0.054711,0.0,0.0,2700,1,medium,2,10,415,0.012048192771084338,0.0,0.06265060240963856,0,0
0.018868,0.0,0.0,814,0,low,3,8,1106,0.0054249547920434,0.0018083182640144665,0.0,0,0
0.032787,0.0,0.0,739,0,low,1,9,226,0.01327433628318584,0.004424778761061947,0.0,0,0
0.032407,0.0,0.0,2000,1,medium,0,9,165,0.07272727272727272,0.01818181818181818,0.0,0,0
0.015167,1.0,1.0,28800,1,high,4,11,229,0.30131004366812225,0.004366812227074236,0.0,0,0
0.011173,1.0,-0.125,2900,1,medium,4,9,936,0.004273504273504274,0.002136752136752137,0.0,0,0
0.009901,0.7,0.6,321,0,very_low,4,7,59,0.06779661016949153,0.01694915254237288,0.0847457627118644,0,0
0.006,0.5,0.5,3100,1,medium,5,9,137,0.043795620437956206,0.043795620437956206,0.0,0,0
0.022556,0.0,0.0,141400,1,very_high,0,11,292,0.00684931506849315,0.023972602739726026,0.0,0,0
0.015578,0.0,0.0,2700,1,medium,5,10,162,0.07407407407407407,0.043209876543209874,0.0,0,0
0.039735,0.1875,-0.125,1100,0,medium,2,9,1017,0.0019665683382497543,0.0009832841691248771,0.0,0,0
0.019943,0.0,0.0,3100,1,medium,0,10,1200,0.01,0.011666666666666667,0.0,0,0
0.017308,0.0,0.0,16500,1,high,1,10,318,0.040880503144654086,0.03773584905660377,0.0,0,0
0.009547,0.0,0.0,11100,1,high,5,6,76,0.4605263157894737,0.013157894736842105,0.0,0,0
0.00431,0.0,0.0,1700,1,medium,0,9,485,0.018556701030927835,0.002061855670103093,0.002061855670103093,0,0
0.018092,0.0,0.0,3800,1,medium,1,7,514,0.033073929961089495,0.0,0.021400778210116732,0,0
0.004115,0.0,0.0,1900,1,medium,5,9,1571,0.0038192234245703373,0.001273074474856779,0.0,0,0
0.010395,0.5,0.5,2100,1,medium,4,10,120,0.25,0.375,0.0,0,0
0.01355,0.0,0.0,1000,0,medium,0,10,117,0.18803418803418803,0.08547008547008547,0.0,1,0
0.003527,0.9,0.9,10500,1,high,0,11,3319,0.017475143115396205,0.0018077734257306419,0.00030129557095510696,1,0
0.015291,0.0,0.0,1500,1,medium,0,9,476,0.012605042016806723,0.004201680672268907,0.0,1,0
0.02583,0.0,0.0,761,0,low,0,11,205,0.00975609756097561,0.0,0.004878048780487805,1,0
0.002257,0.125,0.0,4500,1,high,4,10,122,0.13934426229508196,0.00819672131147541,0.00819672131147541,1,0
0.0,0.733333,0.433333,1200,0,medium,0,9,224,0.0,0.10714285714285714,0.004464285714285714,1,0
0.025532,0.27,0.13,882,0,low,0,6,134,0.05223880597014925,0.014925373134328358,0.007462686567164179,1,0
0.021572,0.95,0.0,1900,1,medium,0,7,1430,0.03706293706293706,0.0006993006993006993,0.03566433566433566,1,0
0.017751,0.5,0.5,3100,1,medium,0,8,688,0.029069767441860465,0.01308139534883721,0.00436046511627907,1,0
0.009044,0.5,0.5,1400,0,medium,2,11,307,0.10097719869706841,0.04560260586319218,0.013029315960912053,1,0
0.011895,0.454545,0.136364,610,0,low,5,11,185,0.13513513513513514,0.15675675675675677,0.0,1,0
0.044944,0.575,0.275,5600,1,high,1,14,416,0.014423076923076924,0.004807692307692308,0.0,1,0
0.031792,0.0,-0.00833,713,0,low,5,13,199,0.035175879396984924,0.010050251256281407,0.0,1,0
0.031877,0.0,0.0,487,0,very_low,0,9,915,0.008743169398907104,0.001092896174863388,0.001092896174863388,1,0
0.013825,0.0,0.0,2200,1,medium,1,7,98,0.09183673469387756,0.01020408163265306,0.0,1,0
0.020893,0.5,0.2,685,0,low,2,9,96,0.010416666666666666,0.03125,0.0,1,0
0.013953,0.6,0.2,1300,0,medium,2,9,500,0.02,0.002,0.002,1,0
0.011407,0.333333,0.25,666,0,low,0,9,602,0.013289036544850499,0.0033222591362126247,0.0,1,0
0.015686,0.0,0.0,2400,1,medium,5,12,254,0.04330708661417323,0.13385826771653545,0.003937007874015748,1,0
0.0,0.0,0.0,1100,0,medium,0,10,324,0.009259259259259259,0.030864197530864196,0.0030864197530864196,1,0
0.059259,1.0,-0.625,2200,1,medium,0,7,798,0.007518796992481203,0.020050125313283207,0.0,1,0
0.042373,0.395833,-0.20417,10400,1,high,0,9,376,0.007978723404255319,0.05053191489361702,0.0,1,0
0.00627,0.2,0.2,1400,0,medium,5,10,1018,0.014734774066797643,0.0137524557956778,0.0,1,0
0.022581,0.0,0.0,535,0,low,2,13,413,0.05811138014527845,0.026634382566585957,0.004842615012106538,1,0
0.019062,0.4,0.4,13900,1,high,5,10,270,0.04814814814814815,0.05185185185185185,0.0,1,0
0.008,0.1,-0.3,2000,1,medium,5,11,900,0.0044444444444444444,0.0011111111111111111,0.0,1,0
0.002681,0.477273,0.318182,776,0,low,1,5,118,0.1271186440677966,0.00847457627118644,0.07627118644067797,1,0
0.011111,0.0,0.0,3700,1,medium,0,7,107,0.07476635514018691,0.018691588785046728,0.0,1,0
0.020013,0.0,0.0,6100,1,high,3,11,48,0.2708333333333333,0.20833333333333334,0.0,1,0
0.013917,0.0,0.0,6800,1,high,5,7,215,0.07441860465116279,0.05116279069767442,0.0,1,0
0.005556,0.4,0.8,838,0,low,1,9,306,0.029411764705882353,0.0032679738562091504,0.0,1,0
0.020812,0.944444,0.375,920,0,low,2,11,321,0.04984423676012461,0.0,0.04361370716510903,1,0
0.012846,0.54,0.16,957,0,medium,5,10,238,0.07142857142857142,0.10504201680672269,0.0,1,0
0.0,0.0,0.0,1100,0,medium,0,11,150,0.0,0.006666666666666667,0.0,1,0
0.008902,0.0,0.0,10000,1,high,1,7,251,0.04780876494023904,0.00398406374501992,0.00398406374501992,1,0
0.008969,0.454545,0.136364,5800,1,high,5,6,1495,0.0046822742474916385,0.002006688963210702,0.0,1,0
0.011211,0.5,0.25,1300,0,medium,0,7,187,0.0213903743315508,0.026737967914438502,0.0053475935828877,1,0
0.006757,0.727273,-0.23182,497,0,very_low,2,9,174,0.034482758620689655,0.0,0.05747126436781609,1,0
0.018672,0.0,0.0,382,0,very_low,2,14,141,0.02127659574468085,0.0070921985815602835,0.0,1,0
0.021407,0.0,0.0,784,0,low,0,10,371,0.013477088948787063,0.0026954177897574125,0.0,1,0
0.010363,0.0,0.0,1800,1,medium,5,3,54,0.09259259259259259,0.6666666666666666,0.0,1,0
0.023095,1.0,1.0,1100,0,medium,0,7,309,0.009708737864077669,0.061488673139158574,0.0,1,0
0.021429,0.0,0.0,5800,1,high,0,8,420,0.004761904761904762,0.02142857142857143,0.002380952380952381,1,0
0.0,0.7,0.0,473,0,very_low,0,9,229,0.0,0.0,0.004366812227074236,1,0
0.01875,0.3,-0.15,1400,0,medium,2,12,219,0.0136986301369863,0.0045662100456621,0.0,1,0
0.019634,0.7,0.5,402,0,very_low,0,9,441,0.02947845804988662,0.0022675736961451248,0.0022675736961451248,1,0
0.016667,0.0,0.0,861,0,low,0,7,311,0.06752411575562701,0.003215434083601286,0.006430868167202572,1,0
0.0,0.0,0.0,743,0,low,0,11,244,0.05327868852459016,0.040983606557377046,0.0,1,0
0.032634,0.35,-0.025,789,0,low,3,7,95,0.10526315789473684,0.010526315789473684,0.0,1,0
0.016,0.666667,-0.33333,760,0,low,2,7,83,0.08433734939759036,0.012048192771084338,0.0,1,0
0.016461,0.1,0.2,1600,1,medium,0,10,182,0.07142857142857142,0.005494505494505495,0.0,1,0
0.01964,0.0,0.0,1300,0,medium,1,11,126,0.07142857142857142,0.007936507936507936,0.0,1,0
0.016216,0.0,0.0,1700,1,medium,3,8,731,0.015047879616963064,0.0027359781121751026,0.0,1,0
0.00692,0.0,0.0,905,0,low,1,9,481,0.014553014553014554,0.002079002079002079,0.0,1,0
0.011364,0.0,0.0,1900,1,medium,1,7,114,0.05263157894736842,0.008771929824561403,0.0,1,0
0.02259,0.0,0.0,561,0,low,0,8,342,0.049707602339181284,0.0029239766081871343,0.0,1,0
0.016701,0.9,0.6,1600,1,medium,1,8,247,0.016194331983805668,0.004048582995951417,0.0,1,0
0.019157,0.333333,0.366667,1900,1,medium,0,7,482,0.026970954356846474,0.002074688796680498,0.0,1,0
0.014493,0.0,0.0,3100,1,medium,0,5,584,0.00684931506849315,0.0,0.003424657534246575,1,0
0.014286,0.0,0.0,1500,1,medium,5,13,373,0.00804289544235925,0.0,0.005361930294906166,1,0
0.022059,0.0,0.0,1000,0,medium,1,10,177,0.03389830508474576,0.005649717514124294,0.0,1,0
0.00813,0.0,0.0,145500,1,very_high,0,9,453,0.002207505518763797,0.0,0.002207505518763797,1,0
0.015686,0.0,0.0,605,0,low,1,9,645,0.007751937984496124,0.0031007751937984496,0.0,1,0
0.008547,0.0,0.0,1200,0,medium,2,10,416,0.026442307692307692,0.019230769230769232,0.0,1,0
0.014184,0.0,0.0,5500,1,high,2,10,994,0.006036217303822937,0.0,0.002012072434607646,1,0
0.018676,0.0,0.0,1200,0,medium,5,11,150,0.10666666666666667,0.07333333333333333,0.0,1,0
0.004348,0.0,0.0,2000,1,medium,5,9,139,0.02877697841726619,0.007194244604316547,0.0,1,0
0.012407,0.0,0.0,1100,0,medium,5,8,249,0.04417670682730924,0.01606425702811245,0.0,1,0
0.009202,0.05,-0.075,2700,1,medium,2,12,76,0.10526315789473684,0.11842105263157894,0.013157894736842105,1,0
0.031153,0.0,0.0,693,0,low,2,8,228,0.20614035087719298,0.013157894736842105,0.0,1,0
0.021647,0.0,0.0,1100,0,medium,0,9,331,0.01812688821752266,0.08157099697885196,0.0,2,0
0.020134,0.0,-0.05,970,0,medium,0,10,115,0.05217391304347826,0.008695652173913044,0.0,2,0
0.038235,0.0,0.0,900,0,low,2,5,279,0.017921146953405017,0.0035842293906810036,0.0,2,0
0.009934,0.0,0.0,766,0,low,0,9,202,0.034653465346534656,0.0,0.0049504950495049506,2,0
0.009198,0.0,0.0,6200,1,high,1,9,379,0.026385224274406333,0.002638522427440633,0.0,2,0
0.01227,0.0,0.0,2600,1,medium,4,11,294,0.023809523809523808,0.02040816326530612,0.0,2,0
0.015713,0.0,0.0,1400,0,medium,5,12,199,0.09547738693467336,0.010050251256281407,0.005025125628140704,2,0
0.012712,0.15,-0.06667,756,0,low,0,10,1193,0.005029337803855826,0.0,0.0,2,0
0.033149,0.1875,-0.125,1200,0,medium,2,11,569,0.007029876977152899,0.0,0.0035149384885764497,2,0
0.012552,0.2,0.05,850,0,low,0,7,311,0.028938906752411574,0.003215434083601286,0.0,2,0
0.019868,0.1,0.15,7300,1,high,5,9,237,0.04219409282700422,0.029535864978902954,0.008438818565400843,2,0
0.018692,0.0,0.0,1400,0,medium,5,6,640,0.0078125,0.003125,0.0,2,0
0.021622,0.5,0.5,892,0,low,1,11,454,0.011013215859030838,0.0022026431718061676,0.0,2,0
0.012862,0.0,0.0,566,0,low,1,9,805,0.0037267080745341614,0.0012422360248447205,0.0,2,0
0.0,1.0,0.5,2000,1,medium,2,12,231,0.0,0.0,0.004329004329004329,2,0
0.026201,0.45,0.35,1400,0,medium,0,10,149,0.013422818791946308,0.0,0.0,2,0
0.013413,0.0,0.0,3100,1,medium,5,10,230,0.09565217391304348,0.11739130434782609,0.0,2,0
0.014742,0.441667,0.208333,845,0,low,0,8,72,0.1527777777777778,0.013888888888888888,0.0,2,0
0.019034,0.1,0.0,5200,1,high,5,6,299,0.046822742474916385,0.09364548494983277,0.006688963210702341,2,0
0.009191,0.0,0.0,2400,1,medium,1,10,162,0.043209876543209874,0.012345679012345678,0.0,2,0
0.017287,0.7,0.3,1100,0,medium,2,6,280,0.03214285714285714,0.18214285714285713,0.0035714285714285713,2,0
0.0,0.0,0.0,965,0,medium,0,8,146,0.06164383561643835,0.00684931506849315,0.00684931506849315,2,0
0.030279,0.35,-0.1,27400,1,high,0,6,190,0.7894736842105263,0.0,0.005263157894736842,2,0
0.028658,0.192593,-0.1037,3200,1,medium,1,8,685,0.027737226277372264,0.00145985401459854,0.014598540145985401,2,0
0.009217,0.45,0.3,5000,1,high,0,10,809,0.018541409147095178,0.014833127317676144,0.0,2,0
0.013245,0.0,0.0,711,0,low,0,7,750,0.018666666666666668,0.0013333333333333333,0.0,2,0
0.02381,0.0,0.0,1500,1,medium,0,10,524,0.02099236641221374,0.0057251908396946565,0.0,2,0
0.016157,1.0,1.0,746,0,low,2,10,179,0.05027932960893855,0.0446927374301676,0.0111731843575419,2,0
0.008368,0.454545,0.136364,2500,1,medium,5,9,206,0.03398058252427184,0.009708737864077669,0.0,2,0
0.03139,0.7,-0.2,4300,1,high,1,9,139,0.1223021582733813,0.10071942446043165,0.007194244604316547,2,0
0.003086,0.0,0.0,729,0,low,1,8,189,0.05291005291005291,0.005291005291005291,0.0,2,0
0.018196,0.0,0.0,13700,1,high,4,7,300,0.05,0.013333333333333334,0.0,2,0
0.017363,0.0,0.0,1300,0,medium,2,10,404,0.01485148514851485,0.12871287128712872,0.0,2,0
0.01782,0.0,0.0,1400,0,medium,5,10,418,0.04066985645933014,0.0645933014354067,0.0,2,0
0.0375,1.0,-0.5,3300,1,medium,0,10,1813,0.0011031439602868175,0.005515719801434087,0.0,2,0
0.0,0.15,-0.16667,1300,0,medium,0,8,452,0.0,0.028761061946902654,0.0,2,0
0.022082,0.0,0.3,1700,1,medium,5,10,119,0.06722689075630252,0.0,0.0,2,0
0.020225,0.0,0.0,1500,1,medium,3,9,264,0.03787878787878788,0.003787878787878788,0.0,2,0
0.008,0.0,0.0,1600,1,medium,0,7,1218,0.0090311986863711,0.0008210180623973727,0.0,2,0
0.017682,0.0,0.0,1500,1,medium,5,10,271,0.02952029520295203,0.0,0.0,2,0
0.019048,0.333333,0.25,2300,1,medium,2,7,324,0.012345679012345678,0.0,0.006172839506172839,2,0
0.004831,0.0,0.0,825,0,low,5,14,109,0.045871559633027525,0.009174311926605505,0.0,2,0
0.008798,0.0,0.0,925,0,low,0,11,280,0.02142857142857143,0.0035714285714285713,0.0035714285714285713,2,0
0.023515,0.0,0.0,6500,1,high,0,7,289,0.09688581314878893,0.03806228373702422,0.0034602076124567475,2,0
0.021429,0.0,0.0,1200,0,medium,5,6,339,0.029498525073746312,0.0029498525073746312,0.0,2,0
0.040936,0.2,0.2,1300,0,medium,0,10,505,0.005940594059405941,0.0019801980198019802,0.0,2,0
0.01958,0.0,0.0,11200,1,high,0,9,495,0.014141414141414142,0.00202020202020202,0.0,2,0
0.028117,0.6,-0.43333,992,0,medium,0,10,184,0.03260869565217391,0.06521739130434782,0.010869565217391304,2,0
0.022767,0.35,0.2,1400,0,medium,0,10,178,0.06179775280898876,0.011235955056179775,0.0,2,0
0.0,0.677273,0.268182,1100,0,medium,0,9,289,0.0,0.03460207612456748,0.0,2,0
0.017544,0.3,0.2,783,0,low,2,9,300,0.006666666666666667,0.0033333333333333335,0.0,2,0
0.01256,0.633333,0.304167,927,0,low,3,8,352,0.07670454545454546,0.014204545454545454,0.0,2,0
0.010676,0.733333,0.433333,744,0,low,1,9,296,0.033783783783783786,0.006756756756756757,0.0033783783783783786,2,0
0.024967,1.0,1.0,2000,1,medium,1,6,643,0.02332814930015552,0.0,0.017107309486780714,2,0
0.015538,0.3,0.2,962,0,medium,5,10,277,0.06859205776173286,0.09747292418772563,0.0,2,0
0.011416,0.5,0.0,1000,0,medium,0,14,570,0.02456140350877193,0.0017543859649122807,0.0,2,0
0.013333,0.233333,0.033333,1400,0,medium,0,10,183,0.06557377049180328,0.0,0.01092896174863388,2,0
0.024499,0.0,0.0,594,0,low,0,9,300,0.016666666666666666,0.0033333333333333335,0.0033333333333333335,2,0
0.019342,0.0,0.0,890,0,low,0,6,1029,0.008746355685131196,0.0009718172983479105,0.0,2,0
0.05386,0.0,0.0,865,0,low,2,12,236,0.01694915254237288,0.00423728813559322,0.029661016949152543,2,0
0.002247,0.0,0.0,2300,1,medium,0,7,260,0.03076923076923077,0.007692307692307693,0.0,2,0
0.026969,0.0,0.0,1100,0,medium,1,10,256,0.0390625,0.0078125,0.0,2,0
0.014184,0.0,0.0,895,0,low,1,10,420,0.023809523809523808,0.002380952380952381,0.0,2,0
0.008511,1.0,0.5,16800,1,high,0,10,338,0.03254437869822485,0.026627218934911243,0.0,2,0
0.014118,0.0,0.0,770,0,low,1,8,405,0.01728395061728395,0.0024691358024691358,0.0,2,0
0.021277,0.0,0.0,2200,1,medium,5,9,527,0.03415559772296015,0.06072106261859583,0.0,2,0
0.004808,0.283333,0.266667,1900,1,medium,1,8,528,0.022727272727272728,0.001893939393939394,0.0,2,0
0.029289,0.0,0.0,3100,1,medium,2,10,452,0.030973451327433628,0.017699115044247787,0.0,2,0
0.039157,0.783333,0.466667,1600,1,medium,5,10,845,0.002366863905325444,0.0,0.001183431952662722,2,0
0.014656,0.0,0.0,1000,0,medium,0,12,270,0.04814814814814815,0.003703703703703704,0.0,2,0
0.022378,1.0,0.0,489,0,very_low,0,8,195,0.035897435897435895,0.010256410256410256,0.005128205128205128,2,0
0.019084,0.333333,0.316667,1100,0,medium,0,9,410,0.07560975609756097,0.07317073170731707,0.0024390243902439024,2,0
0.012019,0.333333,0.25,1200,0,medium,5,10,264,0.041666666666666664,0.08712121212121213,0.003787878787878788,3,0
0.011628,1.0,-0.75,1600,1,medium,0,8,361,0.027700831024930747,0.00554016620498615,0.002770083102493075,3,0
0.031795,0.65,-0.2,1700,1,medium,0,8,33,0.30303030303030304,0.06060606060606061,0.0,3,0
0.016055,0.275,0.016667,830,0,low,2,8,305,0.003278688524590164,0.006557377049180328,0.0,3,0
0.010345,1.0,0.0,1000,0,medium,0,9,59,0.2033898305084746,0.3220338983050847,0.0,3,0
0.013348,0.75,0.8,1300,0,medium,0,7,811,0.007398273736128237,0.025893958076448828,0.0,3,0
0.014996,0.0,0.0,1200,0,medium,0,11,661,0.059001512859304085,0.01664145234493192,0.0,3,0
0.030769,0.451299,0.113636,3300,1,medium,3,11,95,0.031578947368421054,0.021052631578947368,0.0,3,0
0.00641,0.0,0.0,1500,1,medium,5,12,181,0.011049723756906077,0.016574585635359115,0.0,3,0
0.007569,0.0,0.0,8100,1,high,4,9,590,0.010169491525423728,0.005084745762711864,0.0,3,0
0.018145,0.5,0.5,1200,0,medium,5,9,902,0.0033259423503325942,0.011086474501108648,0.0,3,0
0.009772,0.0,0.0,938,0,low,5,11,393,0.017811704834605598,0.007633587786259542,0.002544529262086514,3,0
0.015461,0.0,0.0,655,0,low,1,8,242,0.05785123966942149,0.11570247933884298,0.008264462809917356,3,0
0.015817,0.575,0.15,2600,1,medium,0,15,202,0.009900990099009901,0.0049504950495049506,0.0,3,0
0.009736,0.35,0.125,5400,1,high,1,13,931,0.004296455424274973,0.0010741138560687433,0.0,3,0
0.002899,0.0,0.0,1800,1,medium,5,9,308,0.022727272727272728,0.006493506493506494,0.0,3,0
0.041475,0.2,-0.1,3400,1,medium,5,8,441,0.018140589569160998,0.0022675736961451248,0.0,3,0
0.024677,0.5125,-0.25,1600,1,medium,5,9,1146,0.012216404886561954,0.0008726003490401396,0.0,3,0
0.016266,0.454545,0.136364,2400,1,medium,5,9,211,0.0947867298578199,0.014218009478672985,0.0,3,0
0.011924,0.0,0.0,5300,1,high,0,12,287,0.020905923344947737,0.006968641114982578,0.0,3,0
0.034939,0.625,0.25,2300,1,medium,2,14,956,0.005230125523012552,0.0010460251046025104,0.0,3,0
0.023256,0.333333,0.25,3900,1,medium,0,9,556,0.0035971223021582736,0.0,0.0017985611510791368,3,0
0.023301,0.0,0.0,12400,1,high,0,8,682,0.01906158357771261,0.001466275659824047,0.0,3,0
0.046437,0.166667,0.125,840,0,low,2,8,327,0.01834862385321101,0.0030581039755351682,0.0764525993883792,3,0
0.019377,0.0,0.0,602,0,low,2,10,204,0.029411764705882353,0.24509803921568626,0.004901960784313725,3,0
0.015244,0.0,0.0,6500,1,high,0,11,772,0.04404145077720207,0.04015544041450777,0.0,3,0
0.014723,0.454545,0.136364,4500,1,high,3,6,1400,0.005,0.0007142857142857143,0.0007142857142857143,3,0
0.022576,0.551515,0.045455,4500,1,high,5,11,1163,0.0008598452278589854,0.021496130696474634,0.0,3,0
0.030641,0.0,0.0,8900,1,high,0,13,1028,0.008754863813229572,0.0019455252918287938,0.0,3,0
0.020408,0.44697,-0.15758,17100,1,high,2,11,117,0.26495726495726496,0.23076923076923078,0.017094017094017096,3,0
0.018223,1.0,-0.25,7400,1,high,0,9,934,0.019271948608137045,0.0010706638115631692,0.0,3,0
0.004785,0.5,0.5,741,0,low,2,10,399,0.012531328320802004,0.002506265664160401,0.0,3,0
0.020075,0.0,0.0,1500,1,medium,0,11,160,0.15625,0.05,0.0,3,0
0.01581,0.5,0.5,985,0,medium,2,5,106,0.08490566037735849,0.009433962264150943,0.11320754716981132,3,0
0.008299,1.0,0.0,12000,1,high,0,10,834,0.039568345323741004,0.023980815347721823,0.01079136690647482,3,0
0.01387,0.1,0.05,3400,1,medium,1,11,119,0.11764705882352941,0.04201680672268908,0.008403361344537815,3,0
0.024213,0.0,0.0,1400,0,medium,5,11,241,0.016597510373443983,0.008298755186721992,0.004149377593360996,3,0
0.022222,0.0,0.0,901,0,low,0,11,176,0.03409090909090909,0.011363636363636364,0.005681818181818182,3,0
0.028571,0.0,0.0,780,0,low,0,10,846,0.004728132387706856,0.0,0.0,3,0
0.018767,0.0,0.0,3100,1,medium,0,7,159,0.08176100628930817,0.0880503144654088,0.006289308176100629,3,0
0.045249,0.7,-0.4,1500,1,medium,3,9,2131,0.002346316283435007,0.0018770530267480056,0.0,3,0
0.002532,0.5,0.136364,3200,1,medium,0,9,213,0.018779342723004695,0.004694835680751174,0.004694835680751174,3,0
0.021472,0.0,0.0,1100,0,medium,3,9,126,0.0873015873015873,0.007936507936507936,0.0,3,0
0.021626,1.0,-0.5,1100,0,medium,0,10,1424,0.014044943820224719,0.0028089887640449437,0.0014044943820224719,3,0
0.014481,0.0,0.0,28200,1,high,2,9,388,0.1134020618556701,0.015463917525773196,0.0,3,0
0.01085,0.388889,0.069444,1800,1,medium,5,8,174,0.13793103448275862,0.05747126436781609,0.0,3,0
0.01108,0.9,0.1,702,0,low,0,10,125,0.192,0.144,0.032,3,0
0.00565,0.616667,0.425,873,0,low,2,6,127,0.015748031496062992,0.0,0.007874015748031496,3,0
0.009828,0.5625,0.25,2600,1,medium,5,8,587,0.0068143100511073255,0.0,0.0034071550255536627,3,0
0.013043,0.0,0.0,851,0,low,2,11,372,0.010752688172043012,0.0,0.005376344086021506,3,0
0.010204,0.0,0.0,3100,1,medium,5,10,627,0.009569377990430622,0.019138755980861243,0.0,3,0
0.0,0.0,0.0,5800,1,high,0,8,1141,0.0,0.018404907975460124,0.0,3,0
0.01087,0.2,0.2,2500,1,medium,0,7,1265,0.013438735177865613,0.0023715415019762848,0.0,3,0
0.021505,0.0,0.0,1300,0,medium,1,12,97,0.061855670103092786,0.020618556701030927,0.0,3,0
0.01194,0.0,0.0,1100,0,medium,5,9,206,0.019417475728155338,0.009708737864077669,0.0,3,0
0.045685,0.6,-0.6,4400,1,high,2,13,141,0.02127659574468085,0.0,0.014184397163120567,3,0
0.020388,0.833333,0.433333,1900,1,medium,1,7,778,0.008997429305912597,0.0012853470437017994,0.0,3,0
0.023301,0.333333,0.25,949,0,low,1,12,206,0.024271844660194174,0.009708737864077669,0.0,3,0
